class; scale_check ; X ; Y ; Z
AircraftBuoyant;1;1;0.905806;0.90571
AircraftBuoyant;1;1;0.94155;0.944278
AircraftBuoyant;1;1;0.345498;0.345498
AircraftBuoyant;1;1;0.354144;0.354144
AircraftBuoyant;1;1;0.60821;0.615898
AircraftBuoyant;1;1;0.693525;0.693608
AircraftBuoyant;1;1;0.682261;0.682263
AircraftBuoyant;1;1;0.602193;0.602167
AircraftBuoyant;1;1;0.319334;0.259262
AircraftBuoyant;1;1;0.416022;0.300757
AircraftBuoyant;1;1;0.317292;0.260265
AircraftBuoyant;1;1;0.338545;0.250892
AircraftBuoyant;1;1;0.270419;0.341231
AircraftBuoyant;1;1;0.197939;0.203576
AircraftBuoyant;1;1;0.377751;0.331145
Apartment;1;0.979514;1;0.487916
Apartment;1;1;0.940577;0.443814
Apartment;1;1;0.73574;0.340962
Apartment;1;1;0.787901;0.704891
Apartment;1;1;0.5463;0.381698
Apartment;1;1;0.57799;0.608407
Apartment;1;1;0.86895;0.771227
Apartment;1;1;0.686324;0.561475
Apartment;1;1;0.865852;0.374769
Apartment;1;1;0.464391;0.445168
Apartment;1;1;0.629299;0.586003
Apartment;1;1;0.792116;0.712162
Apartment;1;1;0.709057;0.669421
Apartment;1;1;0.519952;0.285771
Apartment;1;1;0.876489;0.667953
Apartment;1;1;0.613467;0.323328
Apartment;1;1;0.683023;0.555699
Apartment;1;1;0.614899;0.548116
Apartment;1;1;0.503818;0.648392
Apartment;1;1;0.990488;0.431198
Apartment;1;1;0.797539;0.579634
Apartment;1;1;0.381851;0.311709
Apartment;1;1;0.260057;0.212293
AquaticAnimal;1;1;0.338513;0.12668
AquaticAnimal;1;1;0.356691;0.186777
AquaticAnimal;1;1;0.36692;0.161113
AquaticAnimal;1;1;0.361014;0.151582
AquaticAnimal;1;1;0.378651;0.121035
AquaticAnimal;1;1;0.441083;0.457802
AquaticAnimal;1;1;0.17456;0.164241
AquaticAnimal;1;1;0.396661;0.336143
AquaticAnimal;1;1;0.358291;0.150403
AquaticAnimal;1;1;0.73618;0.105277
AquaticAnimal;1;1;0.662269;0.756336
AquaticAnimal;1;1;0.55009;0.162905
AquaticAnimal;1;1;0.65937;0.414854
AquaticAnimal;1;1;0.478172;0.460237
AquaticAnimal;1;1;0.383279;0.235723
AquaticAnimal;1;1;0.263032;0.17088
AquaticAnimal;1;1;0.327523;0.259076
AquaticAnimal;1;1;0.437862;0.245959
AquaticAnimal;1;1;0.369998;0.301497
AquaticAnimal;1;1;0.437515;0.240705
AquaticAnimal;1;1;0.572382;0.341796
AquaticAnimal;1;1;0.348112;0.296865
AquaticAnimal;1;1;0.511816;0.269977
AquaticAnimal;1;1;0.339369;0.386628
AquaticAnimal;1;1;0.463019;0.421176
AquaticAnimal;1;1;0.390107;0.344151
AquaticAnimal;1;1;0.142707;0.177673
AquaticAnimal;1;1;0.400315;0.305157
AquaticAnimal;1;1;0.397131;0.275198
Bed;1;1;0.861285;0.370299
Bed;1;1;0.715215;0.350329
Bed;1;1;0.824798;0.572659
Bed;1;1;0.836801;0.523158
Bed;1;1;0.895387;0.608647
Bed;1;1;0.488273;0.347835
Bed;1;1;0.493375;0.330588
Bed;1;0.996971;1;0.314781
Bed;1;1;0.429238;0.4829
Bed;1;1;0.741025;0.387879
Bed;1;1;0.666937;0.389182
Bed;1;1;0.664577;0.476773
Bed;1;0.897881;1;0.469502
Bed;1;1;0.721739;0.304576
Bed;1;1;0.522209;0.399739
Bed;1;1;0.673071;0.472262
Bed;1;1;0.366406;0.446924
Bed;1;1;0.799762;0.406565
Bed;1;1;0.854495;0.561463
Bed;1;1;0.657082;0.395565
Bed;1;1;0.694751;0.697904
Bed;1;1;0.492717;0.485919
Bed;1;1;0.71663;0.416482
Bed;1;0.945995;1;0.922908
Bed;1;1;0.976701;0.515273
Bed;1;1;0.953697;0.727826
Bed;1;1;0.830406;0.421479
Biplane;1;1;0.510302;0.197253
Biplane;1;1;0.645152;0.169861
Biplane;1;0.694441;1;0.234161
Biplane;1;1;0.760339;0.277979
Biplane;1;1;0.517336;0.167445
Biplane;1;0.811886;1;0.434366
Biplane;1;0.733272;1;0.253089
Biplane;1;1;0.596801;0.225536
Biplane;1;0.798133;1;0.318412
Biplane;1;1;0.512333;0.202112
Biplane;1;1;0.681257;0.243336
Biplane;1;0.876961;1;0.287858
Biplane;1;1;0.849478;0.43534
Biplane;1;1;0.471672;0.230424
Biplane;1;0.7922;1;0.280216
Biplane;1;1;0.790953;0.299829
Biplane;1;0.967238;1;0.213663
Biplane;1;1;0.721953;0.264091
Biplane;1;1;0.896875;0.320158
Biplane;1;0.695868;1;0.231395
Biplane;1;1;0.541773;0.251542
Biplane;1;0.991152;1;0.375675
Biplane;1;1;0.902587;0.315154
Biplane;1;0.795375;1;0.321419
class; scale_check ; X ; Y ; Z
AircraftBuoyant;1;1;0.905806;0.90571
AircraftBuoyant;1;1;0.94155;0.944278
AircraftBuoyant;1;1;0.345498;0.345498
AircraftBuoyant;1;1;0.354144;0.354144
AircraftBuoyant;1;1;0.60821;0.615898
AircraftBuoyant;1;1;0.693525;0.693608
AircraftBuoyant;1;1;0.682261;0.682263
AircraftBuoyant;1;1;0.602193;0.602167
AircraftBuoyant;1;1;0.319334;0.259262
AircraftBuoyant;1;1;0.416022;0.300757
AircraftBuoyant;1;1;0.317292;0.260265
AircraftBuoyant;1;1;0.338545;0.250892
AircraftBuoyant;1;1;0.270419;0.341231
AircraftBuoyant;1;1;0.197939;0.203576
AircraftBuoyant;1;1;0.377751;0.331145
Apartment;1;0.979514;1;0.487916
Apartment;1;1;0.940577;0.443814
Apartment;1;1;0.73574;0.340962
Apartment;1;1;0.787901;0.704891
Apartment;1;1;0.5463;0.381698
Apartment;1;1;0.57799;0.608407
Apartment;1;1;0.86895;0.771227
Apartment;1;1;0.686324;0.561475
Apartment;1;1;0.865852;0.374769
Apartment;1;1;0.464391;0.445168
Apartment;1;1;0.629299;0.586003
Apartment;1;1;0.792116;0.712162
Apartment;1;1;0.709057;0.669421
Apartment;1;1;0.519952;0.285771
Apartment;1;1;0.876489;0.667953
Apartment;1;1;0.613467;0.323328
Apartment;1;1;0.683023;0.555699
Apartment;1;1;0.614899;0.548116
Apartment;1;1;0.503818;0.648392
Apartment;1;1;0.990488;0.431198
Apartment;1;1;0.797539;0.579634
Apartment;1;1;0.381851;0.311709
Apartment;1;1;0.260057;0.212293
AquaticAnimal;1;1;0.338513;0.12668
AquaticAnimal;1;1;0.356691;0.186777
AquaticAnimal;1;1;0.36692;0.161113
AquaticAnimal;1;1;0.361014;0.151582
AquaticAnimal;1;1;0.378651;0.121035
AquaticAnimal;1;1;0.441083;0.457802
AquaticAnimal;1;1;0.17456;0.164241
AquaticAnimal;1;1;0.396661;0.336143
AquaticAnimal;1;1;0.358291;0.150403
AquaticAnimal;1;1;0.73618;0.105277
AquaticAnimal;1;1;0.662269;0.756336
AquaticAnimal;1;1;0.55009;0.162905
AquaticAnimal;1;1;0.65937;0.414854
AquaticAnimal;1;1;0.478172;0.460237
AquaticAnimal;1;1;0.383279;0.235723
AquaticAnimal;1;1;0.263032;0.17088
AquaticAnimal;1;1;0.327523;0.259076
AquaticAnimal;1;1;0.437862;0.245959
AquaticAnimal;1;1;0.369998;0.301497
AquaticAnimal;1;1;0.437515;0.240705
AquaticAnimal;1;1;0.572382;0.341796
AquaticAnimal;1;1;0.348112;0.296865
AquaticAnimal;1;1;0.511816;0.269977
AquaticAnimal;1;1;0.339369;0.386628
AquaticAnimal;1;1;0.463019;0.421176
AquaticAnimal;1;1;0.390107;0.344151
AquaticAnimal;1;1;0.142707;0.177673
class; scale_check ; X ; Y ; Z
AircraftBuoyant;1;1;0.905806;0.90571
AircraftBuoyant;1;1;0.94155;0.944278
AircraftBuoyant;1;1;0.345498;0.345498
AircraftBuoyant;1;1;0.354144;0.354144
AircraftBuoyant;1;1;0.60821;0.615898
AircraftBuoyant;1;1;0.693525;0.693608
AircraftBuoyant;1;1;0.682261;0.682263
AircraftBuoyant;1;1;0.602193;0.602167
AircraftBuoyant;1;1;0.319334;0.259262
AircraftBuoyant;1;1;0.416022;0.300757
AircraftBuoyant;1;1;0.317292;0.260265
AircraftBuoyant;1;1;0.338545;0.250892
AircraftBuoyant;1;1;0.270419;0.341231
AircraftBuoyant;1;1;0.197939;0.203576
AircraftBuoyant;1;1;0.377751;0.331145
Apartment;1;0.979514;1;0.487916
Apartment;1;1;0.940577;0.443814
Apartment;1;1;0.73574;0.340962
Apartment;1;1;0.787901;0.704891
Apartment;1;1;0.5463;0.381698
Apartment;1;1;0.57799;0.608407
Apartment;1;1;0.86895;0.771227
Apartment;1;1;0.686324;0.561475
Apartment;1;1;0.865852;0.374769
Apartment;1;1;0.464391;0.445168
Apartment;1;1;0.629299;0.586003
Apartment;1;1;0.792116;0.712162
Apartment;1;1;0.709057;0.669421
Apartment;1;1;0.519952;0.285771
Apartment;1;1;0.876489;0.667953
Apartment;1;1;0.613467;0.323328
Apartment;1;1;0.683023;0.555699
Apartment;1;1;0.614899;0.548116
Apartment;1;1;0.503818;0.648392
Apartment;1;1;0.990488;0.431198
Apartment;1;1;0.797539;0.579634
Apartment;1;1;0.381851;0.311709
Apartment;1;1;0.260057;0.212293
AquaticAnimal;1;1;0.338513;0.12668
AquaticAnimal;1;1;0.356691;0.186777
AquaticAnimal;1;1;0.36692;0.161113
AquaticAnimal;1;1;0.361014;0.151582
AquaticAnimal;1;1;0.378651;0.121035
AquaticAnimal;1;1;0.441083;0.457802
AquaticAnimal;1;1;0.17456;0.164241
class; scale_check ; X ; Y ; Z
AircraftBuoyant;1;1;0.905806;0.90571
AircraftBuoyant;1;1;0.94155;0.944278
class; scale_check ; X ; Y ; Z
AircraftBuoyant;1;1;0.905806;0.90571
AircraftBuoyant;1;1;0.94155;0.944278
AircraftBuoyant;1;1;0.345498;0.345498
AircraftBuoyant;1;1;0.354144;0.354144
AircraftBuoyant;1;1;0.60821;0.615898
AircraftBuoyant;1;1;0.693525;0.693608
AircraftBuoyant;1;1;0.682261;0.682263
AircraftBuoyant;1;1;0.602193;0.602167
AircraftBuoyant;1;1;0.319334;0.259262
AircraftBuoyant;1;1;0.416022;0.300757
AircraftBuoyant;1;1;0.317292;0.260265
AircraftBuoyant;1;1;0.338545;0.250892
AircraftBuoyant;1;1;0.270419;0.341231
AircraftBuoyant;1;1;0.197939;0.203576
AircraftBuoyant;1;1;0.377751;0.331145
Apartment;1;0.979514;1;0.487916
Apartment;1;1;0.940577;0.443814
Apartment;1;1;0.73574;0.340962
Apartment;1;1;0.787901;0.704891
Apartment;1;1;0.5463;0.381698
Apartment;1;1;0.57799;0.608407
Apartment;1;1;0.86895;0.771227
Apartment;1;1;0.686324;0.561475
Apartment;1;1;0.865852;0.374769
Apartment;1;1;0.464391;0.445168
Apartment;1;1;0.629299;0.586003
Apartment;1;1;0.792116;0.712162
Apartment;1;1;0.709057;0.669421
Apartment;1;1;0.519952;0.285771
Apartment;1;1;0.876489;0.667953
Apartment;1;1;0.613467;0.323328
Apartment;1;1;0.683023;0.555699
Apartment;1;1;0.614899;0.548116
Apartment;1;1;0.503818;0.648392
Apartment;1;1;0.990488;0.431198
Apartment;1;1;0.797539;0.579634
Apartment;1;1;0.381851;0.311709
Apartment;1;1;0.260057;0.212293
AquaticAnimal;1;1;0.338513;0.12668
AquaticAnimal;1;1;0.356691;0.186777
AquaticAnimal;1;1;0.36692;0.161113
AquaticAnimal;1;1;0.361014;0.151582
AquaticAnimal;1;1;0.378651;0.121035
AquaticAnimal;1;1;0.441083;0.457802
AquaticAnimal;1;1;0.17456;0.164241
AquaticAnimal;1;1;0.396661;0.336143
AquaticAnimal;1;1;0.358291;0.150403
AquaticAnimal;1;1;0.73618;0.105277
AquaticAnimal;1;1;0.662269;0.756336
AquaticAnimal;1;1;0.55009;0.162905
AquaticAnimal;1;1;0.65937;0.414854
AquaticAnimal;1;1;0.478172;0.460237
AquaticAnimal;1;1;0.383279;0.235723
AquaticAnimal;1;1;0.263032;0.17088
AquaticAnimal;1;1;0.327523;0.259076
AquaticAnimal;1;1;0.437862;0.245959
AquaticAnimal;1;1;0.369998;0.301497
AquaticAnimal;1;1;0.437515;0.240705
AquaticAnimal;1;1;0.572382;0.341796
AquaticAnimal;1;1;0.348112;0.296865
AquaticAnimal;1;1;0.511816;0.269977
AquaticAnimal;1;1;0.339369;0.386628
class; scale_check ; X ; Y ; Z
AircraftBuoyant;1;1;0.905806;0.90571
AircraftBuoyant;1;1;0.94155;0.944278
AircraftBuoyant;1;1;0.345498;0.345498
AircraftBuoyant;1;1;0.354144;0.354144
AircraftBuoyant;1;1;0.60821;0.615898
AircraftBuoyant;1;1;0.693525;0.693608
AircraftBuoyant;1;1;0.682261;0.682263
AircraftBuoyant;1;1;0.602193;0.602167
AircraftBuoyant;1;1;0.319334;0.259262
AircraftBuoyant;1;1;0.416022;0.300757
AircraftBuoyant;1;1;0.317292;0.260265
AircraftBuoyant;1;1;0.338545;0.250892
AircraftBuoyant;1;1;0.270419;0.341231
AircraftBuoyant;1;1;0.197939;0.203576
AircraftBuoyant;1;1;0.377751;0.331145
Apartment;1;0.979514;1;0.487916
Apartment;1;1;0.940577;0.443814
Apartment;1;1;0.73574;0.340962
Apartment;1;1;0.787901;0.704891
Apartment;1;1;0.5463;0.381698
Apartment;1;1;0.57799;0.608407
Apartment;1;1;0.86895;0.771227
Apartment;1;1;0.686324;0.561475
Apartment;1;1;0.865852;0.374769
Apartment;1;1;0.464391;0.445168
Apartment;1;1;0.629299;0.586003
Apartment;1;1;0.792116;0.712162
Apartment;1;1;0.709057;0.669421
Apartment;1;1;0.519952;0.285771
Apartment;1;1;0.876489;0.667953
Apartment;1;1;0.613467;0.323328
Apartment;1;1;0.683023;0.555699
Apartment;1;1;0.614899;0.548116
Apartment;1;1;0.503818;0.648392
Apartment;1;1;0.990488;0.431198
Apartment;1;1;0.797539;0.579634
Apartment;1;1;0.381851;0.311709
Apartment;1;1;0.260057;0.212293
AquaticAnimal;1;1;0.338513;0.12668
AquaticAnimal;1;1;0.356691;0.186777
AquaticAnimal;1;1;0.36692;0.161113
AquaticAnimal;1;1;0.361014;0.151582
AquaticAnimal;1;1;0.378651;0.121035
AquaticAnimal;1;1;0.441083;0.457802
AquaticAnimal;1;1;0.17456;0.164241
AquaticAnimal;1;1;0.396661;0.336143
AquaticAnimal;1;1;0.358291;0.150403
AquaticAnimal;1;1;0.73618;0.105277
AquaticAnimal;1;1;0.662269;0.756336
AquaticAnimal;1;1;0.55009;0.162905
AquaticAnimal;1;1;0.65937;0.414854
AquaticAnimal;1;1;0.478172;0.460237
AquaticAnimal;1;1;0.383279;0.235723
AquaticAnimal;1;1;0.263032;0.17088
AquaticAnimal;1;1;0.327523;0.259076
AquaticAnimal;1;1;0.437862;0.245959
AquaticAnimal;1;1;0.369998;0.301497
AquaticAnimal;1;1;0.437515;0.240705
AquaticAnimal;1;1;0.572382;0.341796
AquaticAnimal;1;1;0.348112;0.296865
AquaticAnimal;1;1;0.511816;0.269977
AquaticAnimal;1;1;0.339369;0.386628
AquaticAnimal;1;1;0.463019;0.421176
AquaticAnimal;1;1;0.390107;0.344151
AquaticAnimal;1;1;0.142707;0.177673
AquaticAnimal;1;1;0.400315;0.305157
AquaticAnimal;1;1;0.397131;0.275198
Bed;1;1;0.861285;0.370299
Bed;1;1;0.715215;0.350329
Bed;1;1;0.824798;0.572659
Bed;1;1;0.836801;0.523158
Bed;1;1;0.895387;0.608647
Bed;1;1;0.488273;0.347835
Bed;1;1;0.493375;0.330588
Bed;1;0.996971;1;0.314781
Bed;1;1;0.429238;0.4829
Bed;1;1;0.741025;0.387879
Bed;1;1;0.666937;0.389182
Bed;1;1;0.664577;0.476773
Bed;1;0.897881;1;0.469502
Bed;1;1;0.721739;0.304576
Bed;1;1;0.522209;0.399739
Bed;1;1;0.673071;0.472262
Bed;1;1;0.366406;0.446924
Bed;1;1;0.799762;0.406565
Bed;1;1;0.854495;0.561463
Bed;1;1;0.657082;0.395565
Bed;1;1;0.694751;0.697904
Bed;1;1;0.492717;0.485919
Bed;1;1;0.71663;0.416482
Bed;1;0.945995;1;0.922908
Bed;1;1;0.976701;0.515273
Bed;1;1;0.953697;0.727826
Bed;1;1;0.830406;0.421479
Biplane;1;1;0.510302;0.197253
Biplane;1;1;0.645152;0.169861
Biplane;1;0.694441;1;0.234161
Biplane;1;1;0.760339;0.277979
Biplane;1;1;0.517336;0.167445
Biplane;1;0.811886;1;0.434366
Biplane;1;0.733272;1;0.253089
Biplane;1;1;0.596801;0.225536
Biplane;1;0.798133;1;0.318412
Biplane;1;1;0.512333;0.202112
Biplane;1;1;0.681257;0.243336
Biplane;1;0.876961;1;0.287858
Biplane;1;1;0.849478;0.43534
Biplane;1;1;0.471672;0.230424
Biplane;1;0.7922;1;0.280216
Biplane;1;1;0.790953;0.299829
Biplane;1;0.967238;1;0.213663
Biplane;1;1;0.721953;0.264091
Biplane;1;1;0.896875;0.320158
Biplane;1;0.695868;1;0.231395
Biplane;1;1;0.541773;0.251542
Biplane;1;0.991152;1;0.375675
Biplane;1;1;0.902587;0.315154
Biplane;1;0.795375;1;0.321419
Biplane;1;0.960064;1;0.285
Biplane;1;0.699841;1;0.273749
Biplane;1;1;0.635037;0.194734
Biplane;1;0.829132;1;0.261742
Biplane;1;1;0.81913;0.227717
Biplane;1;0.831424;1;0.210203
Biplane;1;0.985519;1;0.215834
Biplane;1;0.713171;1;0.297347
Biplane;1;0.732962;1;0.215856
Biplane;1;1;0.75519;0.19249
Biplane;1;0.808663;1;0.276506
Biplane;1;1;0.549462;0.141743
Biplane;1;1;0.539286;0.160342
Biplane;1;0.572339;1;0.209699
Biplane;1;1;0.468286;0.104859
Biplane;1;1;0.965093;0.358171
Biplane;1;1;0.655443;0.268594
Biplane;1;1;0.640303;0.29968
Biplane;1;1;0.51077;0.198417
Biplane;1;1;0.734487;0.260371
Biplane;1;1;0.91344;0.273339
Bird;1;1;0.537542;0.252731
Bird;1;1;0.828185;0.500706
Bird;1;1;0.529229;0.261574
Bird;1;1;0.779843;0.299517
Bird;1;1;0.660516;0.234521
Bird;1;1;0.470416;0.236459
Bird;1;1;0.257715;0.0380611
Bird;1;1;0.311018;0.10554
Bird;1;1;0.450536;0.131883
Bird;1;1;0.613222;0.497225
Bird;1;1;0.348907;0.182675
Bird;1;1;0.376948;0.100202
Bird;1;1;0.692721;0.460886
Bird;1;1;0.293858;0.26047
Bird;1;1;0.481258;0.139943
Bird;1;1;0.872867;0.362139
Bird;1;1;0.479506;0.255499
Bird;1;1;0.749158;0.441232
Bird;1;1;0.576794;0.124043
Bird;1;1;0.344778;0.134628
Bird;1;1;0.509588;0.432363
Bird;1;1;0.369623;0.256677
Bird;1;1;0.364929;0.310889
Bird;1;1;0.505851;0.429603
Bird;1;1;0.52554;0.33381
Bird;1;1;0.820024;0.584404
Bird;1;1;0.532599;0.246459
Bird;1;0.887736;1;0.672257
Bird;1;0.957062;1;0.868325
Bird;1;1;0.753401;0.392535
Bird;1;1;0.344961;0.13869
Bird;1;0.869824;1;0.215917
Bird;1;1;0.293503;0.259219
Bird;1;1;0.45059;0.131709
Bird;1;1;0.445152;0.200152
Bird;1;0.7319;1;0.301472
Bird;1;1;0.545499;0.252242
Bird;1;1;0.471324;0.234241
Bird;1;1;0.701364;0.1253
Bird;1;1;0.484897;0.452866
Bird;1;1;0.824402;0.664987
Bird;1;1;0.513481;0.37961
Bird;1;1;0.56354;0.44894
Bird;1;1;0.611815;0.971593
Bookset;1;1;0.66236;0.616643
Bookset;1;1;0.692288;0.499505
Bookset;1;1;0.766256;0.568081
Bookset;1;1;0.397473;0.268058
Bookset;1;1;0.810786;0.742509
Bookset;1;1;0.795589;0.717556
Bookset;1;1;0.632637;0.47728
Bookset;1;1;0.62423;0.475103
Bookset;1;1;0.598939;0.553493
Bookset;1;1;0.676676;0.405135
Bookset;1;1;0.977656;0.791257
Bookset;1;1;0.755313;0.758002
Bookset;1;1;0.759959;0.645353
Bookset;1;1;0.506779;0.306562
Bookset;1;1;0.844232;0.911981
Bookset;1;1;0.953866;0.596635
Bookset;1;0.955311;1;0.641864
Bookset;1;1;0.69932;0.574635
Bookset;1;1;0.375485;0.225964
Bookset;1;1;0.639952;0.582115
Bottle;1;1;0.250488;0.253376
Bottle;1;1;0.230631;0.230635
Bottle;1;1;0.244688;0.239292
Bottle;1;1;0.46229;0.326796
Bottle;1;1;0.312286;0.311779
Bottle;1;1;0.291641;0.291506
Bottle;1;1;0.29676;0.29955
Bottle;1;1;0.396907;0.39691
Bottle;1;1;0.272497;0.27199
Bottle;1;1;0.252284;0.243071
Bottle;1;1;0.515765;0.513037
Bottle;1;1;0.398187;0.397166
Bottle;1;1;0.308535;0.308747
Bottle;1;1;0.243668;0.243103
Bottle;1;1;0.429954;0.430092
Bottle;1;1;0.492674;0.166634
Bottle;1;1;0.307144;0.306734
Bottle;1;1;0.252362;0.25223
Bottle;1;1;0.423038;0.423339
Bottle;1;1;0.255801;0.255803
Bottle;1;1;0.2943;0.298597
Bottle;1;1;0.244861;0.24455
Bottle;1;1;0.274348;0.276611
Bottle;1;1;0.280666;0.279744
Bottle;1;1;0.297349;0.295095
Bottle;1;1;0.276215;0.276773
Bottle;1;1;0.360456;0.358009
Bottle;1;1;0.316806;0.31607
Bottle;1;1;0.351772;0.351827
Bottle;1;1;0.526678;0.443841
Bottle;1;1;0.276422;0.276423
BuildingNonResidential;1;0.946616;1;0.678743
BuildingNonResidential;1;1;0.622627;0.609506
BuildingNonResidential;1;1;0.899774;0.2703
BuildingNonResidential;1;0.996157;1;0.904951
BuildingNonResidential;1;1;0.99076;0.94006
BuildingNonResidential;1;0.958924;1;0.4313
BuildingNonResidential;1;1;0.739365;0.809053
BuildingNonResidential;1;1;0.768678;0.72816
BuildingNonResidential;1;1;0.868736;0.595609
BuildingNonResidential;1;1;0.720478;0.314758
BuildingNonResidential;1;1;0.970443;0.796915
BuildingNonResidential;1;0.984691;0.978035;1
BuildingNonResidential;1;0.93382;0.901331;1
BuildingNonResidential;1;0.860651;1;0.99846
BuildingNonResidential;1;0.964839;1;0.998916
BuildingNonResidential;1;1;0.862885;0.606688
BuildingNonResidential;1;0.997513;1;0.593805
BuildingNonResidential;1;1;0.875092;0.812417
BuildingNonResidential;1;0.999992;1;0.200511
BuildingNonResidential;1;1;0.680736;0.659809
BuildingNonResidential;1;1;0.721428;0.413666
BuildingNonResidential;1;1;0.98177;0.721542
BuildingNonResidential;1;1;0.763222;0.740867
BuildingNonResidential;1;1;0.735597;0.687484
BuildingNonResidential;1;1;0.653456;0.588106
BuildingNonResidential;1;1;0.601822;0.219877
BuildingNonResidential;1;0.999654;1;0.374802
BuildingNonResidential;1;1;0.519742;0.110119
BuildingNonResidential;1;0.906933;0.876513;1
BuildingNonResidential;1;0.99955;1;0.634415
BuildingNonResidential;1;1;0.68208;0.468654
BuildingNonResidential;1;1;0.517714;0.408361
BuildingNonResidential;1;1;0.732364;0.652541
BuildingNonResidential;1;1;0.691211;0.392028
BuildingNonResidential;1;1;0.593607;0.322165
BuildingNonResidential;1;0.676868;1;0.177444
BuildingNonResidential;1;1;0.227466;0.19592
BuildingNonResidential;1;1;0.458126;0.455483
BuildingNonResidential;1;1;0.993996;0.744318
BuildingNonResidential;1;1;0.718417;0.815197
BuildingNonResidential;1;1;0.401679;0.345607
BuildingNonResidential;1;1;0.860263;0.158415
BuildingNonResidential;1;1;0.517273;0.267007
BuildingNonResidential;1;1;1;0.210711
Bus;1;1;0.214553;0.271196
Bus;1;1;0.59072;0.349455
Bus;1;1;0.362298;0.256596
Bus;1;1;0.247245;0.681779
Bus;1;1;0.197161;0.271479
Bus;1;1;0.248758;0.24485
Bus;1;1;0.337242;0.263454
Bus;1;1;0.323379;0.311756
Bus;1;1;0.330816;0.212958
Bus;1;1;0.347272;0.432858
Bus;1;1;0.429428;0.424631
Bus;1;1;0.304922;0.326951
Bus;1;1;0.423177;0.51222
Bus;1;1;0.199003;0.304619
Bus;1;1;0.383641;0.209597
Bus;1;1;0.397444;0.268285
Bus;1;1;0.329615;0.228235
Bus;1;1;0.300916;0.290802
Bus;1;1;0.407737;0.489963
Bus;1;1;0.274975;0.329404
Car;1;1;0.371885;0.331588
Car;1;1;0.454233;0.513384
Car;1;1;0.478424;0.425749
Car;1;1;0.400577;0.305568
Car;1;1;0.668597;0.514545
Car;1;1;0.474421;0.279203
Car;1;1;0.484119;0.466387
Car;1;1;0.536677;0.429973
Car;1;1;0.536987;0.30508
Car;1;1;0.469077;0.429683
Car;1;1;0.397105;0.264541
Car;1;1;0.37379;0.279253
Car;1;1;0.382295;0.339047
Car;1;1;0.463843;0.443682
Car;1;1;0.431477;0.379035
Car;1;1;0.441168;0.41241
Car;1;1;0.447509;0.304999
Car;1;1;0.313287;0.230016
Car;1;1;0.383043;0.387728
Car;1;1;0.56067;0.412369
Car;1;1;0.441721;0.464231
Car;1;1;0.440702;0.406316
Car;1;1;0.479231;0.396437
Car;1;1;0.573489;0.540459
Car;1;1;0.492743;0.496924
Car;1;1;0.517294;0.42575
Car;1;1;0.516518;0.545836
Car;1;1;0.449055;0.352157
Car;1;1;0.368027;0.353168
Car;1;1;0.335207;0.326679
Car;1;1;0.359936;0.293968
Car;1;1;0.526242;0.475299
Car;1;1;0.422238;0.376582
Car;1;1;0.549871;0.215391
Car;1;1;0.186686;0.198141
Car;1;1;0.448627;0.208829
Car;1;1;0.385115;0.199443
Car;1;1;0.564719;0.269277
Car;1;1;0.433471;0.203161
Car;1;1;0.415248;0.200432
Car;1;1;0.556094;0.383798
Car;1;1;0.48432;0.274697
Car;1;1;0.581324;0.233922
Car;1;1;0.372636;0.239081
Car;1;1;0.434804;0.29192
Car;1;1;0.459255;0.244023
Car;1;1;0.49349;0.220477
Car;1;1;0.41924;0.280592
Car;1;1;0.435621;0.316472
Car;1;1;0.401789;0.312653
Car;1;1;0.370503;0.263261
Car;1;1;0.412218;0.270221
Car;1;1;0.397592;0.278806
Car;1;1;0.408452;0.270595
Car;1;1;0.420596;0.335514
Car;1;1;0.44872;0.353124
Car;1;1;0.427725;0.277116
Car;1;1;0.434907;0.289478
Car;1;1;0.370499;0.272956
Car;1;1;0.424272;0.327593
Car;1;1;0.391218;0.292639
Car;1;1;0.370186;0.322184
Car;1;1;0.452933;0.392717
Car;1;1;0.379123;0.280799
Car;1;1;0.368071;0.280387
Car;1;1;0.444422;0.279125
Car;1;1;0.408422;0.270618
Car;1;1;0.474425;0.278394
Car;1;1;0.417937;0.255924
Car;1;1;0.471708;0.342551
Car;1;1;0.457116;0.277917
Car;1;1;0.480263;0.243615
Car;1;1;0.449711;0.266135
Car;1;1;0.572899;0.256844
Car;1;1;0.575809;0.237897
Car;1;1;0.449711;0.266135
Car;1;1;0.451667;0.262395
Car;1;1;0.445947;0.257979
Car;1;1;0.414485;0.315145
Car;1;1;0.474425;0.304335
Car;1;1;0.37686;0.459812
Car;1;1;0.366546;0.329595
Car;1;1;0.409488;0.383449
Car;1;1;0.340384;0.304589
Car;1;1;0.410098;0.574965
Car;1;1;0.641277;0.683678
Car;1;1;0.525759;0.466958
Car;1;1;0.659995;0.673179
Car;1;1;0.694834;0.496501
Cellphone;1;1;0.395394;0.150294
Cellphone;1;1;0.460257;0.181047
Cellphone;1;1;0.397138;0.223103
Cellphone;1;1;0.471188;0.125792
Cellphone;1;1;0.425948;0.140646
Cellphone;1;1;0.432404;0.150876
Cellphone;1;1;0.389683;0.129693
Cellphone;1;1;0.407863;0.190966
Cellphone;1;1;0.531423;0.104564
Cellphone;1;1;0.318015;0.201491
Cellphone;1;1;0.265083;0.146982
Cellphone;1;1;0.46501;0.201093
Cellphone;1;1;0.385927;0.17286
Cellphone;1;1;0.4727;0.188917
Cellphone;1;1;0.334735;0.18038
Cellphone;1;1;0.472439;0.139486
Cellphone;1;1;0.359123;0.147988
Cellphone;1;1;0.505286;0.227129
Cellphone;1;1;0.319186;0.178754
Cellphone;1;1;0.356886;0.206756
Chess;1;1;0.619401;0.617398
Chess;1;1;0.435601;0.436631
Chess;1;1;0.515214;0.515217
Chess;1;1;0.37103;0.371119
Chess;1;1;0.381816;0.381817
Chess;1;1;0.355596;0.355494
Chess;1;1;0.597079;0.600189
Chess;1;1;0.394228;0.394128
Chess;1;1;0.558111;0.556907
Chess;1;1;0.639616;0.620279
Chess;1;1;0.387021;0.387021
Chess;1;1;0.42847;0.42847
Chess;1;1;0.426895;0.426094
Chess;1;1;0.507928;0.507929
Chess;1;1;0.410411;0.410415
Chess;1;1;0.435239;0.436006
Chess;1;1;0.42623;0.426452
Chess;1;1;0.651381;0.651076
Chess;1;1;0.453208;0.453209
Chess;1;1;0.768064;0.768066
Chess;1;0.995317;1;0.243083
Chess;1;0.999961;1;0.252727
Chess;1;1;0.994616;0.250067
Chess;1;1;0.99981;0.137816
Chess;1;1;0.566009;0.146996
Chess;1;1;0.428456;0.428456
Chess;1;1;0.394125;0.394181
Chess;1;1;0.435466;0.436501
Chess;1;1;0.556839;0.558064
Chess;1;1;0.381816;0.381817
Chess;1;1;0.370325;0.370701
Chess;1;1;0.355658;0.355556
Chess;1;1;0.597079;0.60019
Chess;1;1;0.640141;0.619977
Chess;1;1;0.507509;0.50751
Chess;1;1;0.770104;0.770105
Chess;1;1;0.453108;0.453107
Chess;1;1;0.649394;0.649617
Chess;1;1;0.515223;0.515256
Chess;1;1;0.410073;0.410076
Chess;1;1;0.387021;0.387021
Chess;1;1;0.427523;0.426791
City;1;0.750798;1;0.30875
City;1;1;0.907004;0.662674
City;1;1;0.868036;0.361472
City;1;1;0.94475;0.197132
City;1;1;0.967016;0.04003
City;1;1;0.81349;0.526853
City;1;1;0.853342;0.0823043
City;1;1;0.769401;0.179451
City;1;0.980144;1;0.0596362
City;1;1;0.960593;0.0729633
City;1;1;0.529228;0.264463
City;1;0.998361;1;0.24066
City;0;-3.40282e+38;-3.40282e+38;-3.40282e+38
City;1;1;0.552282;0.154173
City;1;1;0.849243;0.339928
City;1;1;0.999785;0.26715
City;1;1;0.991272;0.0397568
City;1;0.658016;1;0.318582
City;1;1;0.772925;0.292972
City;1;1;0.24735;4.90131e-06
City;1;1;0.55217;0.154127
City;1;1;0.765119;0.179239
City;1;1;0.999785;0.266948
City;1;1;0.991272;0.0397568
City;1;1;0.96336;0.0399198
City;1;1;0.980265;0.0593934
City;1;1;0.867922;0.361674
ClassicPiano;1;1;0.747592;0.959649
ClassicPiano;1;1;0.714803;0.565212
ClassicPiano;1;1;0.938876;0.351536
ClassicPiano;1;1;0.781336;0.955765
ClassicPiano;1;1;0.74111;0.815908
ClassicPiano;1;1;0.759569;0.572734
ClassicPiano;1;1;0.713271;0.52766
ClassicPiano;1;1;0.568918;0.516519
ClassicPiano;1;1;0.598103;0.684077
ClassicPiano;1;1;0.570249;0.386415
ClassicPiano;1;1;0.807888;0.8517
ClassicPiano;1;1;0.679073;0.632016
ClassicPiano;1;0.454934;1;0.274326
ClassicPiano;1;1;0.66287;0.695204
ClassicPiano;1;1;0.90822;0.666125
ClassicPiano;1;1;0.582606;0.665656
ClassicPiano;1;1;0.792119;0.7709
ClassicPiano;1;1;0.803034;0.773312
ClassicPiano;1;1;0.778102;0.497303
ClassicPiano;1;1;0.73912;0.514275
Computer;1;1;0.921239;0.486197
Computer;1;1;0.997671;0.390737
Computer;1;1;0.740397;0.622305
Computer;1;1;0.679365;0.521663
Computer;1;0.919636;1;0.831717
Computer;1;1;0.881129;0.91034
Computer;1;0.990257;1;0.773652
Computer;1;1;0.783494;0.351019
Computer;1;1;0.725754;0.569532
Computer;1;1;0.817547;0.6905
Computer;1;0.920957;0.764607;1
Computer;1;0.794456;0.907637;1
Computer;1;1;0.727721;0.623775
Computer;1;1;0.92452;0.733588
Computer;1;0.920667;1;0.834628
Computer;1;1;0.52268;0.288827
Computer;1;1;0.931272;0.795125
Computer;1;0.918333;1;0.72385
Computer;1;1;0.72562;0.532583
Computer;1;0.898054;1;0.928762
Computer;1;1;0.924626;0.733738
Computer;1;1;0.52268;0.288827
Computer;1;1;0.725784;0.569211
Computer;1;1;0.921355;0.485561
Computer;1;1;0.727631;0.623793
Computer;1;0.919841;1;0.832157
Computer;1;0.918753;1;0.728196
Computer;1;1;0.67797;0.521594
Computer;1;1;0.765999;0.847528
Computer;1;1;0.740508;0.622257
Computer;1;0.910313;1;0.935403
Computer;1;1;0.817231;0.690441
Computer;1;0.991676;1;0.806463
ComputerKeyboard;1;1;0.293047;0.0422996
ComputerKeyboard;1;1;0.26619;0.068128
ComputerKeyboard;1;1;0.364507;0.074899
ComputerKeyboard;1;1;0.437737;0.0398873
ComputerKeyboard;1;1;0.271743;0.0425265
ComputerKeyboard;1;1;0.336344;0.0699872
ComputerKeyboard;1;1;0.506768;0.0790265
ComputerKeyboard;1;1;0.543645;0.0741765
ComputerKeyboard;1;1;0.305899;0.0364121
ComputerKeyboard;1;1;0.40034;0.0703867
ComputerKeyboard;1;1;0.473143;0.0673538
ComputerKeyboard;1;1;0.380828;0.0768959
ComputerKeyboard;1;1;0.398413;0.116062
ComputerKeyboard;1;1;0.410235;0.116453
ComputerKeyboard;1;1;0.346626;0.0679178
ComputerKeyboard;1;1;0.524387;0.0653813
ComputerKeyboard;1;1;0.402376;0.0471863
ComputerKeyboard;1;1;0.356982;0.124417
ComputerKeyboard;1;1;0.368009;0.0414101
ComputerKeyboard;1;1;0.350015;0.0844281
Cup;1;0.952584;1;0.99902
Cup;1;1;0.405052;0.403167
Cup;1;1;0.637871;0.63792
Cup;1;1;0.993974;0.994098
Cup;1;1;0.842894;0.842568
Cup;1;1;0.484833;0.483948
Cup;1;1;0.425631;0.426486
Cup;1;1;0.307517;0.307517
Cup;1;1;0.826597;0.826597
Cup;1;1;0.369485;0.369484
Cup;1;1;0.804074;0.807539
Cup;1;1;0.466974;0.443913
Cup;1;1;0.546931;0.54693
Cup;1;1;0.538214;0.538215
Cup;1;1;0.623069;0.623114
Cup;1;1;0.298499;0.296895
Cup;1;1;0.642959;0.642904
Cup;1;1;0.46384;0.463841
Cup;1;1;0.992372;0.992524
Cup;1;1;0.59563;0.596126
Cup;1;1;0.325811;0.32485
Cup;1;1;0.755391;0.755392
Cup;1;1;0.60816;0.607314
Cup;1;1;0.412004;0.409855
Cup;1;0.919856;1;0.999959
Cup;1;1;0.701174;0.701174
Cup;1;1;0.813483;0.805056
Cup;1;1;0.675192;0.675505
Cup;1;1;0.676359;0.675986
Cup;1;1;0.735021;0.500707
DeskLamp;1;1;0.75782;0.825565
DeskLamp;1;1;0.840888;0.379785
DeskLamp;1;1;0.476828;0.202483
DeskLamp;1;1;0.464115;0.38226
DeskLamp;1;1;0.2089;0.134513
DeskLamp;1;1;0.417762;0.221634
DeskLamp;1;1;0.480478;0.409739
DeskLamp;1;1;0.541054;0.393655
DeskLamp;1;1;0.400258;0.315477
DeskLamp;1;1;0.301808;0.203576
DeskLamp;1;1;0.468256;0.397509
DeskLamp;1;1;0.788238;0.359587
DeskLamp;1;1;0.294398;0.313103
DeskLamp;1;1;0.370751;0.422084
DeskLamp;1;1;0.538027;0.483388
DeskLamp;1;1;0.282098;0.223917
DeskLamp;1;1;0.81612;0.677108
DeskLamp;1;1;0.425707;0.272566
DeskLamp;1;1;0.696658;0.406405
DeskLamp;1;1;0.802672;0.354372
DeskLamp;1;1;0.934255;0.479051
DeskLamp;1;1;0.694548;0.137146
DeskLamp;1;1;0.371577;0.42283
DeskLamp;1;1;0.558878;0.416659
DeskLamp;1;1;0.644194;0.589204
DeskLamp;1;1;0.355993;0.177333
DeskLamp;1;1;0.516907;0.415165
DeskLamp;1;1;0.444751;0.204038
DeskLamp;1;1;0.841379;0.36494
DeskLamp;1;1;0.42737;0.1961
DeskLamp;1;1;0.69636;0.40648
DeskPhone;1;1;0.878527;0.299681
DeskPhone;1;1;0.768;0.202455
DeskPhone;1;1;0.820196;0.190754
DeskPhone;1;1;0.716293;0.5815
DeskPhone;1;1;0.975716;0.276746
DeskPhone;1;1;0.696402;0.574666
DeskPhone;1;1;0.750936;0.610026
DeskPhone;1;1;0.644145;0.330173
DeskPhone;1;1;0.375505;0.231223
DeskPhone;1;1;0.79637;0.36488
DeskPhone;1;1;0.66811;0.259197
DeskPhone;1;1;0.861326;0.279159
DeskPhone;1;1;0.0891899;0.00356417
DeskPhone;1;1;0.75214;0.229619
DeskPhone;1;1;0.91228;0.310307
DeskPhone;1;1;0.847233;0.465865
DeskPhone;1;1;0.470903;0.225424
DeskPhone;1;1;0.944604;0.336511
DeskPhone;1;1;0.731145;0.29814
DeskPhone;1;1;0.86153;0.398775
Door;1;1;0.430809;0.0648791
Door;1;1;0.493482;0.340592
Door;1;1;0.566303;0.207417
Door;1;1;0.60245;0.116902
Door;1;1;0.898288;0.13257
Door;1;1;0.624221;0.0665609
Door;1;1;0.497067;0.0434341
Door;1;1;0.753055;0.178576
Door;1;1;0.572608;0.0330382
Door;1;1;0.502822;0.0980059
Door;1;1;0.574393;0.0969287
Door;1;1;0.697665;0.0379141
Door;1;1;0.50589;0.11573
Door;1;0.644568;1;0.0566851
Door;1;1;0.329262;0.048296
Door;1;0.977039;1;0.141314
Door;1;1;0.83042;0.118125
Door;1;1;0.671165;0.0488916
Door;1;1;0.511457;0.057
Door;1;1;0.522324;0.0100802
Door;1;1;0.493482;0.340592
Door;1;1;0.572589;0.0330029
Door;1;1;0.558468;0.100326
Door;1;1;0.329263;0.0482959
Door;1;1;0.624201;0.06656
Door;1;1;0.430777;0.0644145
Door;1;1;0.493863;0.0433812
Door;1;1;0.567284;0.207365
Door;1;1;0.508946;0.115754
Door;1;1;0.610675;0.115233
Door;1;1;0.50989;0.0976235
Door;1;1;0.578601;0.0966794
Door;1;1;0.830295;0.117792
Door;1;1;0.749927;0.178698
Door;1;1;0.890488;0.135648
Door;1;1;0.673151;0.0487182
Door;1;1;0.746528;0.150549
Door;1;0.977039;1;0.141314
Door;1;0.815308;1;0.0948298
Door;1;0.999587;1;0.0996433
Door;1;1;0.712761;0.191943
Door;1;1;0.712761;0.191943
Door;1;0.996823;1;0.0912047
Door;1;1;0.915152;0.0875134
Drum;1;1;0.454507;0.462339
Drum;1;1;0.69592;0.678878
Drum;1;1;0.732201;0.672654
Drum;1;1;0.453394;0.385916
Drum;1;1;0.558923;0.559
Drum;1;1;0.681097;0.679291
Drum;1;1;0.814094;0.689223
Drum;1;1;0.573796;0.57111
Drum;1;1;0.999795;0.770819
Drum;1;1;0.841885;0.806336
Drum;1;1;0.99667;0.721954
Drum;1;1;0.793559;0.762539
Drum;1;1;0.997192;0.456863
Drum;1;1;0.913327;0.818289
Drum;1;1;0.697408;0.697278
Drum;1;1;0.923425;0.292738
Drum;1;0.911466;0.985866;1
Drum;1;1;0.95544;0.878552
Drum;1;1;0.602983;0.624109
Drum;1;1;0.997295;0.271029
Fish;1;1;0.441089;0.35943
Fish;1;1;0.440536;0.271131
Fish;1;1;0.317443;0.296316
Fish;1;1;0.361227;0.22455
Fish;1;1;0.574473;0.369859
Fish;1;1;0.349638;0.345391
Fish;1;1;0.651702;0.46405
Fish;1;1;0.524113;0.352838
Fish;1;1;0.504695;0.356777
Fish;1;1;0.447294;0.283664
Fish;1;1;0.412546;0.377943
Fish;1;1;0.530882;0.350128
Fish;1;1;0.392032;0.346804
Fish;1;1;0.427605;0.385686
Fish;1;1;0.47041;0.445455
Fish;1;1;0.329504;0.397445
Fish;1;1;0.361971;0.289451
Fish;1;1;0.577513;0.439762
Fish;1;1;0.419396;0.419294
Fish;1;1;0.396775;0.648221
FloorLamp;1;1;0.531668;0.53167
FloorLamp;1;1;0.70896;0.708666
FloorLamp;1;1;0.656031;0.655908
FloorLamp;1;1;0.553736;0.333043
FloorLamp;1;1;0.683951;0.683951
FloorLamp;1;1;0.897503;0.897503
FloorLamp;1;1;0.605204;0.605202
FloorLamp;1;1;0.8435;0.84825
FloorLamp;1;1;0.851282;0.851291
FloorLamp;1;1;0.594631;0.494477
FloorLamp;1;1;0.687036;0.687076
FloorLamp;1;1;0.60915;0.609153
FloorLamp;1;1;0.657088;0.657086
FloorLamp;1;1;0.650833;0.650811
FloorLamp;1;1;0.51405;0.51405
FloorLamp;1;1;0.996993;0.950411
FloorLamp;1;1;0.567966;0.567955
FloorLamp;1;1;0.53814;0.537784
FloorLamp;1;1;0.621875;0.622282
FloorLamp;1;1;0.610411;0.601999
FloorLamp;1;1;0.386865;0.411044
FloorLamp;1;1;0.112349;0.112348
FloorLamp;1;1;0.154817;0.154817
FloorLamp;1;1;0.104537;0.0961996
FloorLamp;1;1;0.143546;0.141592
FloorLamp;1;1;0.145143;0.0676671
FloorLamp;1;1;0.178361;0.178598
FloorLamp;1;1;0.301928;0.136817
Glasses;1;1;0.886812;0.255493
Glasses;1;1;0.939862;0.355789
Glasses;1;1;0.910326;0.246763
Glasses;1;1;0.753957;0.186286
Glasses;1;1;0.908638;0.351423
Glasses;1;1;0.886821;0.255428
Glasses;1;1;0.872634;0.251098
Glasses;1;0.89905;1;0.177765
Glasses;1;1;0.993899;0.34275
Glasses;1;0.845558;1;0.175222
Glasses;1;1;0.900467;0.257579
Glasses;1;0.991279;1;0.191466
Glasses;1;1;0.94076;0.40379
Glasses;1;1;0.963035;0.158909
Glasses;1;1;0.853046;0.316256
Glasses;1;0.90723;1;0.193209
Glasses;1;1;0.872783;0.338462
Glasses;1;1;0.968967;0.177451
Glasses;1;1;0.910269;0.204477
Glasses;1;1;0.773895;0.208862
Guitar;1;1;0.347725;0.0848301
Guitar;1;1;0.268035;0.0381458
Guitar;1;1;0.368441;0.0584752
Guitar;1;1;0.28762;0.100282
Guitar;1;1;0.313252;0.0606127
Guitar;1;1;0.342023;0.109754
Guitar;1;1;0.414715;0.0963631
Guitar;1;1;0.348855;0.115123
Guitar;1;1;0.285875;0.0899097
Guitar;1;1;0.310022;0.144204
Guitar;1;1;0.391835;0.105139
Guitar;1;1;0.305225;0.067378
Guitar;1;1;0.385675;0.14098
Guitar;1;1;0.256184;0.0851343
Guitar;1;1;0.320894;0.101922
Guitar;1;1;0.279805;0.057699
Guitar;1;1;0.353733;0.0931587
Guitar;1;1;0.392362;0.0287194
Guitar;1;1;0.378594;0.194047
Guitar;1;1;0.329513;0.125576
Gun;1;1;0.557011;0.120447
Gun;1;1;0.424991;0.118553
Gun;1;1;0.391933;0.128637
Gun;1;1;0.425353;0.115189
Gun;1;1;0.571216;0.141975
Gun;1;1;0.61521;0.152944
Gun;1;1;0.491489;0.137691
Gun;1;1;0.560547;0.209011
Gun;1;1;0.281038;0.0702783
Gun;1;1;0.548646;0.165517
Gun;1;1;0.409084;0.154584
Gun;1;1;0.504631;0.152444
Gun;1;1;0.522728;0.101762
Gun;1;1;0.211314;0.0553317
Gun;1;1;0.605495;0.168154
Gun;1;1;0.406981;0.101679
Gun;1;1;0.483268;0.132825
Gun;1;1;0.317357;0.131762
Gun;1;1;0.584633;0.0936566
Gun;1;1;0.525634;0.172527
Gun;1;1;0.560642;0.106655
Gun;1;1;0.587509;0.109293
Gun;1;1;0.534784;0.123479
Gun;1;1;0.540528;0.209154
Gun;1;1;0.618631;0.173169
Gun;1;1;0.368201;0.13744
Gun;1;1;0.513452;0.0846076
Gun;1;1;0.425548;0.115193
Gun;1;1;0.497261;0.13758
Gun;1;1;0.83092;0.224982
Gun;1;1;0.546941;0.165208
Gun;1;1;0.278407;0.136487
Gun;1;1;0.344645;0.124519
Gun;1;1;0.49619;0.109777
Gun;1;1;0.627233;0.114443
Gun;1;1;0.519842;0.110477
Gun;1;1;0.506189;0.15245
Gun;1;1;0.669514;0.164482
Gun;1;1;0.511952;0.215577
Gun;1;1;0.375041;0.083977
Gun;1;1;0.254627;0.0725915
Gun;1;1;0.127072;0.0783331
Gun;1;1;0.35389;0.0474929
Gun;1;1;0.221552;0.0530535
Gun;1;1;0.214053;0.0461873
Gun;1;1;0.276295;0.0762852
Gun;1;1;0.224968;0.0780278
Gun;1;1;0.256621;0.184033
Gun;1;1;0.096965;0.0367572
Gun;1;1;0.209545;0.0417059
Gun;1;1;0.211291;0.0553434
Gun;1;1;0.0886852;0.0321971
Gun;1;1;0.220826;0.0521217
Gun;1;1;0.25871;0.0602977
Gun;1;1;0.162046;0.0694221
Gun;1;1;0.526563;0.299886
Gun;1;1;0.313346;0.171431
Gun;1;1;0.225277;0.0839383
Hand;1;1;0.558247;0.478907
Hand;1;1;0.41459;0.349223
Hand;1;1;0.428055;0.391165
Hand;1;1;0.857065;0.248998
Hand;1;1;0.555257;0.333988
Hand;1;1;0.54956;0.359206
Hand;1;1;0.586409;0.33902
Hand;1;1;0.471369;0.357879
Hand;1;1;0.863991;0.324254
Hand;1;1;0.155091;0.112294
Hand;1;1;0.894854;0.240517
Hand;1;1;0.602303;0.281837
Hand;1;1;0.34259;0.257825
Hand;1;1;0.820602;0.709671
Hand;1;1;0.523553;0.231622
Hand;1;1;0.424276;0.259087
Hand;1;1;0.767268;0.321044
Hand;1;1;0.678596;0.383224
Hand;1;1;0.238359;0.15466
Hand;1;1;0.474177;0.39118
Hand;1;1;0.424179;0.259948
Hand;1;1;0.343051;0.258578
Hand;1;1;0.555341;0.334005
Hand;1;1;0.549581;0.359251
Hand;1;1;0.767419;0.321393
Hand;1;1;0.893687;0.240429
Hand;1;1;0.863905;0.324288
Hand;1;1;0.427986;0.390904
Hand;1;1;0.586427;0.339172
Hand;1;1;0.820602;0.709671
Hand;1;1;0.666346;0.55398
Hand;1;1;0.857043;0.248989
Hand;1;1;0.558262;0.479117
Hand;1;1;0.602225;0.281943
Hand;1;1;0.238384;0.154653
Hand;1;1;0.52361;0.23142
Hand;1;1;0.155165;0.112257
Hat;1;0.772731;1;0.38446
Hat;1;1;0.808032;0.846527
Hat;1;1;0.742447;0.30482
Hat;1;1;0.917688;0.423937
Hat;1;1;0.871614;0.483582
Hat;1;1;0.855047;0.731746
Hat;1;1;0.784338;0.462531
Hat;1;1;0.938542;0.695521
Hat;1;1;0.828272;0.693998
Hat;1;1;0.806121;0.621009
Hat;1;1;0.776437;0.663597
Hat;1;1;0.80498;0.486953
Hat;1;0.938605;1;0.638119
Hat;1;1;0.734794;0.666706
Hat;1;1;0.815179;0.530611
Helicopter;1;1;0.283435;0.176512
Helicopter;1;1;0.36709;0.822274
Helicopter;1;1;0.804429;0.270823
Helicopter;1;1;0.424046;0.656565
Helicopter;1;1;0.751659;0.352039
Helicopter;1;1;0.758962;0.271333
Helicopter;1;1;0.202761;0.860444
Helicopter;1;1;0.599623;0.650208
Helicopter;1;1;0.471624;0.272508
Helicopter;1;1;0.80122;0.292938
Helicopter;1;1;0.278846;0.67613
Helicopter;1;1;0.93678;0.196915
Helicopter;1;1;0.284555;0.754723
Helicopter;1;1;0.854692;0.260243
Helicopter;1;0.873371;1;0.314228
Helicopter;1;0.991594;1;0.347862
Helicopter;1;1;0.766206;0.174996
Helicopter;1;1;0.667105;0.39665
Helicopter;1;1;0.673066;0.175404
Helicopter;1;1;0.328388;0.599448
Helicopter;1;1;0.34013;0.199719
Helicopter;1;1;0.4937;0.266788
Helicopter;1;1;0.294374;0.151361
Helicopter;1;1;0.357885;0.738341
Helicopter;1;1;0.767704;0.277074
Helicopter;1;1;0.933769;0.198136
Helicopter;1;1;0.33107;0.593317
Helicopter;1;1;0.748916;0.355887
Helicopter;1;1;0.865615;0.202565
Helicopter;1;0.873429;1;0.314934
Helicopter;1;0.837276;1;0.239782
Helicopter;1;1;0.787117;0.381606
Helicopter;1;0.79179;1;0.182277
Helicopter;1;1;0.569863;0.230587
Helicopter;1;1;0.673081;0.175457
Helicopter;1;1;0.768038;0.169522
Helicopter;1;0.715251;1;0.168964
Helicopter;1;1;0.319296;0.759804
Helicopter;1;1;0.283044;0.675725
Helicopter;1;1;0.868286;0.294453
Helicopter;1;1;0.513977;0.812121
Helicopter;1;1;0.886958;0.303528
Helicopter;1;1;0.890687;0.312629
Helicopter;1;1;0.307727;0.76254
Helicopter;1;1;0.797164;0.207268
Helicopter;1;1;0.664913;0.783566
Helicopter;1;1;0.27741;0.241081
Helicopter;1;1;0.757778;0.263004
Helicopter;1;1;0.695608;0.268635
Helicopter;1;1;0.689603;0.286121
Helicopter;1;1;0.753603;0.29854
House;1;0.821679;1;0.481903
House;1;1;0.990027;0.522209
House;1;1;0.683843;0.573577
House;1;1;0.865428;0.439096
House;1;1;0.988837;0.673633
House;1;1;0.906848;0.983902
House;1;1;0.891274;0.509223
House;0;-3.40282e+38;-3.40282e+38;-3.40282e+38
House;1;1;0.584441;0.827785
House;1;1;0.504886;0.439796
House;1;1;0.845091;0.83144
House;1;1;0.98573;0.447727
House;1;1;0.916282;0.666461
House;1;0.984092;1;0.580043
House;1;1;0.888023;0.636255
House;1;1;0.990174;0.684784
House;1;1;0.654466;0.458762
House;1;1;0.508727;0.44516
House;1;1;0.946214;0.760678
House;1;0.954517;1;0.524348
House;1;1;0.367459;0.313654
House;1;0.974378;1;0.530971
House;1;1;0.842345;0.43512
House;1;1;0.51985;0.157798
House;1;0.88617;1;0.364728
House;1;1;0.929596;0.219063
House;1;1;0.930386;0.697379
House;1;1;0.616875;0.56165
House;1;1;0.49502;0.385321
House;1;1;0.651456;0.158334
House;1;1;0.687569;0.375538
House;1;1;0.691727;0.484904
House;1;1;0.604251;0.490156
House;1;1;0.690858;0.27753
House;1;1;0.477259;0.470907
House;1;1;0.88274;0.728296
House;1;1;0.63532;0.476694
House;1;1;0.555111;0.2454
House;1;1;0.881847;0.802076
House;1;1;0.789286;0.818509
House;1;1;0.540882;0.50768
House;1;1;0.696397;0.494859
House;1;1;0.604116;0.489856
House;1;1;0.841931;0.659773
House;1;1;0.916022;0.76463
House;1;1;0.671522;0.579332
HumanHead;1;0.924375;1;0.696002
HumanHead;1;1;0.821915;0.60221
HumanHead;1;1;0.786198;0.727334
HumanHead;1;1;0.681926;0.782719
HumanHead;1;1;0.905409;0.645097
HumanHead;1;0.873634;0.607311;1
HumanHead;1;1;0.934858;0.92864
HumanHead;1;1;0.871012;0.666728
HumanHead;1;1;0.858064;0.72176
HumanHead;1;1;0.730915;0.872123
HumanHead;1;0.905293;1;0.67898
HumanHead;1;1;0.974595;0.797455
HumanHead;1;0.98899;1;0.528795
HumanHead;1;0.945386;0.67193;1
HumanHead;1;0.884019;1;0.832319
HumanHead;1;1;0.676113;0.539786
HumanHead;1;0.942519;0.747346;1
HumanHead;1;1;0.950747;0.760524
HumanHead;1;0.856298;1;0.834654
HumanHead;1;1;0.782032;0.632386
HumanHead;1;1;0.907119;0.760565
HumanHead;1;1;0.754419;0.746179
HumanHead;1;0.704108;1;0.991068
HumanHead;1;1;0.788811;0.651446
HumanHead;1;1;0.569774;0.773663
HumanHead;1;1;0.93713;0.971332
HumanHead;1;0.835533;1;0.57298
HumanHead;1;0.785937;1;0.566103
HumanHead;1;1;0.763501;0.591504
HumanHead;1;1;0.853322;0.744841
HumanHead;1;0.899183;1;0.817737
HumanHead;1;1;0.773409;0.735096
HumanHead;1;1;0.698733;0.940147
HumanHead;1;0.824321;0.873082;1
HumanHead;1;1;0.700462;0.525306
HumanHead;1;1;0.730778;0.573703
HumanHead;1;1;0.837946;0.689378
HumanHead;1;1;0.85877;0.724242
HumanHead;1;1;0.979458;0.643117
HumanHead;1;1;0.732264;0.831205
HumanHead;1;1;0.8897;0.705986
HumanHead;1;1;0.658127;0.853961
HumanHead;1;1;0.74135;0.716967
HumanHead;1;1;0.784498;0.646864
HumanHead;1;1;0.680207;0.575306
HumanHead;1;1;0.767115;0.684373
HumanHead;1;1;0.650881;0.600746
HumanHead;1;1;0.601063;0.579624
HumanHead;1;1;0.71381;0.828411
HumanHead;1;1;0.999968;0.767628
HumanHead;1;1;0.681401;0.526058
Humanoid;1;1;0.269809;0.160559
Humanoid;1;1;0.254637;0.193393
Humanoid;1;1;0.249453;0.202322
Humanoid;1;1;0.309461;0.131989
Humanoid;1;1;0.264556;0.242129
Humanoid;1;1;0.294985;0.201991
Humanoid;1;1;0.274931;0.200975
Humanoid;1;1;0.325272;0.253541
Humanoid;1;1;0.24342;0.145324
Humanoid;1;1;0.280705;0.176272
Humanoid;1;1;0.255461;0.187343
Humanoid;1;1;0.273028;0.140755
Humanoid;1;1;0.31283;0.168251
Humanoid;1;1;0.29135;0.186214
Humanoid;1;1;0.315856;0.197589
Humanoid;1;1;0.222558;0.161888
Humanoid;1;1;0.283669;0.232263
Humanoid;1;1;0.263762;0.159358
Humanoid;1;1;0.404917;0.208706
Humanoid;1;1;0.376731;0.222452
Humanoid;1;1;0.525737;0.23594
Humanoid;1;1;0.392023;0.187456
Humanoid;1;1;0.301214;0.281937
Humanoid;1;1;0.404144;0.173772
Humanoid;1;1;0.31466;0.187017
Humanoid;1;1;0.61717;0.192032
Humanoid;1;1;0.384632;0.326428
Humanoid;1;1;0.346014;0.22127
Humanoid;1;1;0.543018;0.251537
Humanoid;1;1;0.308751;0.181517
Humanoid;1;1;0.376176;0.203861
Humanoid;1;1;0.284234;0.221206
Humanoid;1;1;0.366858;0.218787
Humanoid;1;1;0.316384;0.215922
Humanoid;1;1;0.28688;0.181379
Humanoid;1;1;0.509461;0.19634
Humanoid;1;1;0.405524;0.178617
Humanoid;1;1;0.389524;0.232694
Humanoid;1;1;0.351597;0.196977
Humanoid;1;1;0.296615;0.160023
Humanoid;1;1;0.367499;0.362785
Humanoid;1;1;0.334154;0.16375
Humanoid;1;1;0.357866;0.217617
Humanoid;1;1;0.262412;0.139324
Humanoid;1;1;0.308571;0.168761
Humanoid;1;1;0.318785;0.167126
Humanoid;1;1;0.319854;0.219516
Humanoid;1;1;0.498913;0.363374
Humanoid;1;1;0.39192;0.172215
Humanoid;1;1;0.305389;0.207225
Humanoid;1;1;0.34163;0.142105
Humanoid;1;1;0.484785;0.176488
Humanoid;1;1;0.303704;0.125338
Humanoid;1;1;0.275551;0.150819
Humanoid;1;1;0.387631;0.236322
Humanoid;1;1;0.313112;0.302399
Humanoid;1;1;0.424119;0.166691
Humanoid;1;1;0.372334;0.197662
Humanoid;1;1;0.333514;0.182139
Humanoid;1;1;0.385029;0.165606
Humanoid;1;1;0.287425;0.154792
Humanoid;1;1;0.440024;0.217179
Humanoid;1;1;0.387766;0.146865
Humanoid;1;1;0.907366;0.351018
Humanoid;1;1;0.262408;0.144429
Humanoid;1;1;0.269919;0.270269
Humanoid;1;1;0.309185;0.155932
Humanoid;1;1;0.541055;0.394838
Humanoid;1;1;0.293252;0.194043
Humanoid;1;1;0.26708;0.151874
Humanoid;1;1;0.492893;0.387464
Humanoid;1;1;0.520849;0.193263
Humanoid;1;1;0.25991;0.21625
Humanoid;1;1;0.544798;0.364501
Humanoid;1;1;0.390781;0.205557
Humanoid;1;1;0.493274;0.218272
Humanoid;1;1;0.436988;0.157094
Humanoid;1;1;0.285015;0.1582
Humanoid;1;1;0.404054;0.305809
Humanoid;1;1;0.369847;0.205049
Humanoid;1;1;0.280517;0.175383
Humanoid;1;1;0.33184;0.175136
Humanoid;1;1;0.337727;0.345665
Humanoid;1;1;0.368617;0.214678
Humanoid;1;1;0.273218;0.249649
Humanoid;1;1;0.332249;0.317623
Humanoid;1;1;0.350783;0.140236
Humanoid;1;1;0.703553;0.411405
Humanoid;1;1;0.337394;0.160436
Humanoid;1;1;0.557405;0.174417
Humanoid;1;1;0.279404;0.177901
Humanoid;1;1;0.281204;0.177994
Humanoid;1;1;0.279439;0.148686
Humanoid;1;1;0.425179;0.369986
Humanoid;1;1;0.327515;0.232239
Humanoid;1;1;0.749483;0.383253
Humanoid;1;1;0.899212;0.150518
Humanoid;1;1;0.948424;0.196764
Humanoid;1;1;0.946056;0.17839
Humanoid;1;0.990283;1;0.213905
Humanoid;1;1;0.949763;0.163765
Humanoid;1;0.984146;1;0.181992
Humanoid;1;1;0.873089;0.255026
Humanoid;1;1;0.91002;0.259931
Humanoid;1;1;0.977727;0.37049
Humanoid;1;1;0.953588;0.19719
Humanoid;1;1;0.920995;0.198126
Humanoid;1;1;0.929357;0.340122
Humanoid;1;1;0.897404;0.26642
Humanoid;1;1;0.986945;0.167637
Humanoid;1;1;0.854838;0.160927
Humanoid;1;1;0.859676;0.21656
Humanoid;1;0.980615;1;0.228736
Humanoid;1;1;0.929076;0.126791
Humanoid;1;1;0.921081;0.15249
Humanoid;1;1;0.749754;0.149635
Humanoid;1;1;0.909723;0.172037
Humanoid;1;1;0.815065;0.302792
Humanoid;1;1;0.889646;0.388564
Humanoid;1;1;0.937885;0.152762
Humanoid;1;1;0.889659;0.15987
Humanoid;1;1;0.937056;0.148509
Humanoid;1;1;0.808879;0.139389
Humanoid;1;1;0.9311;0.148767
Humanoid;1;1;0.742304;0.305586
Humanoid;1;1;0.728782;0.184196
Humanoid;1;1;0.75392;0.1741
Humanoid;1;0.99394;1;0.243414
Humanoid;1;1;0.725345;0.237598
Humanoid;1;1;0.68042;0.148708
Humanoid;1;1;0.965634;0.161512
Humanoid;1;1;0.559617;0.461457
Humanoid;1;0.876243;1;0.271526
Humanoid;1;1;0.692443;0.135786
Humanoid;1;1;0.577208;0.35649
Humanoid;1;1;0.40842;0.289922
Humanoid;1;1;0.25488;0.30903
Humanoid;1;1;0.260867;0.29368
Humanoid;1;1;0.485851;0.363029
Humanoid;1;1;0.337191;0.339438
Humanoid;1;1;0.576751;0.299431
Humanoid;1;1;0.873033;0.32264
Insect;1;1;0.800592;0.300793
Insect;1;0.934878;1;0.498821
Insect;1;0.795855;1;0.657104
Insect;1;0.778628;1;0.595662
Insect;1;1;0.816181;0.516354
Insect;1;1;0.722005;0.395575
Insect;1;1;0.817027;0.28234
Insect;1;0.807807;1;0.655473
Insect;1;1;0.624259;0.187767
Insect;1;1;0.457076;0.170817
Insect;1;1;0.877533;0.321002
Insect;1;1;0.944322;0.491637
Insect;1;1;0.553055;0.316087
Insect;1;1;0.769067;0.194371
Insect;1;0.882249;1;0.186928
Insect;1;1;0.960721;0.411741
Insect;1;1;0.894983;0.33929
Insect;1;1;0.656487;0.164698
Insect;1;0.789299;1;0.594035
Insect;1;1;0.96107;0.585597
Insect;1;1;0.732966;0.609097
Insect;1;1;0.64837;0.351406
Insect;1;1;0.660792;0.212271
Insect;1;0.79539;1;0.477075
Insect;1;0.894289;1;0.570338
Insect;1;1;0.962156;0.381647
Insect;1;1;0.804664;0.424642
Insect;1;1;0.885973;0.399382
Insect;1;1;0.607598;0.646098
Insect;1;1;0.657352;0.315809
Insect;1;1;0.575547;0.402681
Insect;1;1;0.324365;0.0176026
Insect;1;1;0.798985;0.478069
Insect;1;1;0.997105;0.487086
Insect;1;1;0.928024;0.191384
Insect;1;1;0.71371;0.297564
Insect;1;1;0.977143;0.593487
Insect;1;0.572258;1;0.429728
Insect;1;1;0.601867;0.408528
Insect;1;1;0.63467;0.231282
Insect;1;1;0.587497;0.398184
Insect;1;1;0.416527;0.301493
Insect;1;1;0.926493;0.19173
Insect;1;1;0.523705;0.0688635
Insect;1;1;0.566836;0.351017
Insect;1;1;0.565997;0.173556
Insect;1;0.756343;1;0.293121
Insect;1;1;0.522921;0.0690211
Insect;1;1;0.718087;0.235445
Insect;1;1;0.653744;0.317147
Insect;1;1;0.804664;0.424642
Insect;1;1;0.642265;0.340778
Insect;1;1;0.5716;0.399417
Insect;1;1;0.961951;0.380857
Insect;1;1;0.861871;0.458801
Insect;1;0.68671;1;0.46736
Insect;1;1;0.477477;0.392069
Insect;1;0.983595;1;0.36786
Insect;1;1;0.854312;0.468548
Insect;1;1;0.964247;0.361701
Insect;1;0.950451;1;0.539746
Insect;1;1;0.543249;0.316413
Insect;1;1;0.712348;0.736317
Insect;1;1;0.561274;0.449728
Insect;1;0.883389;1;0.515031
Insect;1;0.857892;0.485182;1
Jet;1;1;0.90286;0.251739
Jet;1;1;0.780686;0.229797
Jet;1;1;0.748754;0.155174
Jet;1;0.978455;1;0.191925
Jet;1;1;0.943541;0.347391
Jet;1;1;0.799238;0.31246
Jet;1;1;0.88195;0.245522
Jet;1;1;0.825819;0.19063
Jet;1;0.859293;1;0.166588
Jet;1;1;0.715176;0.153481
Jet;1;0.880488;1;0.332662
Jet;1;1;0.943621;0.34636
Jet;1;1;0.971156;0.311154
Jet;1;1;0.845088;0.216892
Jet;1;1;0.967046;0.298694
Jet;1;1;0.806748;0.221654
Jet;1;1;0.953867;0.17515
Jet;1;1;0.74462;0.288815
Jet;1;1;0.417934;0.118171
Jet;1;1;0.689925;0.315927
Jet;1;1;0.750045;0.273019
Jet;1;1;0.801995;0.188882
Jet;1;1;0.827171;0.250246
Jet;1;1;0.528824;0.199619
Jet;1;1;0.673591;0.312702
Jet;1;1;0.843621;0.204688
Jet;1;1;0.917151;0.248296
Jet;1;1;0.505589;0.117776
Jet;1;1;0.606166;0.203138
Jet;1;1;0.674749;0.221744
Jet;1;1;0.780632;0.199692
Jet;1;1;0.636697;0.19418
Jet;1;1;0.885551;0.213023
Jet;1;1;0.534951;0.11423
Jet;1;1;0.132888;0.0934019
Jet;1;1;0.704223;0.26941
Jet;1;1;0.767199;0.254228
Jet;1;1;0.163511;0.431128
Jet;1;0.908895;1;0.158923
Jet;1;1;0.535703;0.208216
Jet;1;1;0.766088;0.230329
Jet;1;1;0.773922;0.224153
Jet;1;1;0.704565;0.215847
Jet;1;1;0.704908;0.105152
Jet;1;1;0.632331;0.214753
Jet;1;1;0.555851;0.203512
Jet;1;1;0.433919;0.242302
Jet;1;1;0.686883;0.346188
Jet;1;1;0.571253;0.19104
Jet;1;1;0.712365;0.310131
Jet;1;1;0.824193;0.180084
Jet;1;1;0.36103;0.136082
Jet;1;0.906207;1;0.219598
Jet;1;0.957484;1;0.206181
Jet;1;1;0.767027;0.221722
Jet;1;0.939291;1;0.289903
Jet;1;1;0.622903;0.298943
Jet;1;1;0.47306;0.163055
Jet;1;1;0.60148;0.183497
Jet;1;1;0.725988;0.210972
Jet;1;1;0.672688;0.201878
Jet;1;1;0.635624;0.26508
Jet;1;1;0.561089;0.217293
Jet;1;1;0.77144;0.167586
Jet;1;1;0.702847;0.20203
Jet;1;1;0.850436;0.216143
Jet;1;1;0.908013;0.37434
Jet;1;1;0.695447;0.198327
Jet;1;1;0.453027;0.150606
Jet;1;1;0.580329;0.153565
Jet;1;1;0.513731;0.218065
Jet;1;1;0.775891;0.127998
Jet;1;1;0.793547;0.158832
Jet;1;1;0.504646;0.204169
Jet;1;1;0.629923;0.299867
Jet;1;1;0.507526;0.128917
Jet;1;1;0.722582;0.252045
Jet;1;1;0.44292;0.196181
Jet;1;1;0.860448;0.183075
Jet;1;1;0.43278;0.118865
Jet;1;1;0.696063;0.162927
Jet;1;1;0.98856;0.268199
Jet;1;1;0.411286;0.20212
Jet;1;1;0.808728;0.206706
Jet;1;1;0.909446;0.1133
Jet;1;1;0.727166;0.232749
Jet;1;1;0.599182;0.215178
Jet;1;1;0.628728;0.231268
Jet;1;0.969467;1;0.267736
Jet;1;1;0.793449;0.15936
Jet;1;1;0.675927;0.257545
Jet;1;1;0.63364;0.370411
Jet;1;1;0.626232;0.384474
Jet;1;0.910352;1;0.184695
Jet;1;1;0.689925;0.315927
Jet;1;1;0.616508;0.226459
Jet;1;1;0.736557;0.210057
Jet;1;1;0.50776;0.236228
Jet;1;1;0.603015;0.141052
Jet;1;1;0.603126;0.14126
Jet;1;1;0.742693;0.287611
Jet;1;1;0.686592;0.345928
Jet;1;1;0.592598;0.325968
Jet;1;1;0.751259;0.226377
Jet;1;1;0.664168;0.212439
Jet;1;1;0.939916;0.256393
Jet;1;0.875991;1;0.227052
Jet;1;1;0.361311;0.137082
Jet;1;1;0.699449;0.183731
Jet;1;1;0.940899;0.17309
Jet;1;1;0.57363;0.0796146
Jet;1;1;0.531127;0.0756744
Jet;1;0.445377;1;0.102145
Jet;1;1;0.453146;0.091278
Jet;1;0.557498;1;0.11549
Jet;1;0.644854;1;0.169057
Jet;1;1;0.549415;0.183045
Jet;1;1;0.428172;0.0801033
Jet;1;0.473612;1;0.0900476
Jet;1;0.46587;1;0.109297
Jet;1;1;0.447796;0.145002
Jet;1;1;0.457013;0.106688
Jet;1;0.562224;1;0.0889425
Jet;1;0.694741;1;0.0886391
Jet;1;1;0.544471;0.106367
Jet;1;0.44724;1;0.115537
Jet;1;1;0.360985;0.0696782
Jet;1;0.599963;1;0.0982209
Jet;1;1;0.467367;0.0898169
Jet;1;0.721444;1;0.19303
Jet;1;0.726779;1;0.230884
Jet;1;1;0.480766;0.0995295
Jet;1;1;0.630061;0.168861
Jet;1;0.685084;1;0.170406
Jet;1;1;0.654481;0.203274
Jet;1;1;0.376456;0.083136
Jet;1;1;0.453603;0.0324127
Jet;1;1;0.468944;0.0972575
Jet;1;1;0.257434;0.0469617
Jet;1;1;0.752273;0.350747
Jet;1;1;0.732503;0.128531
Jet;1;1;0.618112;0.166618
Jet;1;1;0.724754;0.110576
Knife;1;1;0.336076;0.0274921
Knife;1;1;0.221476;0.102743
Knife;1;1;0.160503;0.0565128
Knife;1;1;0.0924957;0.0495238
Knife;1;1;0.0820437;0.0143704
Knife;1;1;0.119359;0.0504481
Knife;1;1;0.173878;0.0291367
Knife;1;1;0.123854;0.0573634
Knife;1;1;0.177621;0.0469946
Knife;1;1;0.163941;0.0613459
Knife;1;1;0.179479;0.0388639
Knife;1;1;0.118614;0.0571466
Knife;1;1;0.178316;0.05056
Knife;1;1;0.181491;0.142733
Knife;1;1;0.154435;0.062418
Knife;1;1;0.118292;0.0614059
Knife;1;1;0.0982691;0.0295447
Knife;1;1;0.22106;0.0648014
Knife;1;1;0.261704;0.0295436
Knife;1;1;0.1238;0.0419183
Knife;1;1;0.15796;0.065938
Knife;1;1;0.340446;0.0669654
Knife;1;1;0.131312;0.0873532
Knife;1;1;0.332749;0.0663415
Knife;1;1;0.276675;0.0423887
Knife;1;1;0.442381;0.0589327
Knife;1;1;0.346672;0.102726
MilitaryVehicle;1;1;0.700967;0.36918
MilitaryVehicle;1;1;0.575738;0.494223
MilitaryVehicle;1;1;0.615239;0.767224
MilitaryVehicle;1;1;0.401876;0.525728
MilitaryVehicle;1;1;0.448076;0.334775
MilitaryVehicle;1;1;0.360805;0.383506
MilitaryVehicle;1;1;0.485838;0.345888
MilitaryVehicle;1;1;0.398945;0.627521
MilitaryVehicle;1;1;0.452975;0.416514
MilitaryVehicle;1;1;0.446174;0.354157
MilitaryVehicle;1;1;0.450899;0.414432
MilitaryVehicle;1;1;0.4093;0.630323
MilitaryVehicle;1;1;0.392047;0.462553
MilitaryVehicle;1;1;0.755492;0.323921
MilitaryVehicle;1;1;0.311133;0.281687
MilitaryVehicle;1;1;0.603047;0.498965
MilitaryVehicle;1;1;0.845229;0.511075
MilitaryVehicle;1;1;0.376783;0.2659
MilitaryVehicle;1;1;0.765475;0.681575
MilitaryVehicle;1;1;0.411828;0.382831
Monitor;1;1;0.95085;0.527345
Monitor;1;0.913841;1;0.453845
Monitor;1;1;0.881685;0.541433
Monitor;1;1;0.81115;0.93024
Monitor;1;1;0.990593;0.315221
Monitor;1;0.972271;0.997636;1
Monitor;1;0.953544;1;0.188471
Monitor;1;1;0.636124;0.218951
Monitor;1;1;0.963308;0.532361
Monitor;1;0.859261;1;0.364093
Monitor;1;1;0.996168;0.858012
Monitor;1;1;0.758615;0.293933
Monitor;1;1;0.841538;0.887432
Monitor;1;1;0.91841;0.789966
Monitor;1;0.930583;1;0.636045
Monitor;1;1;0.972522;0.489194
Monitor;1;1;0.751627;0.454314
Monitor;1;1;0.682278;0.237604
Monitor;1;1;0.789216;0.842985
Monitor;1;0.950152;1;0.284208
Monoplane;1;0.919018;1;0.208602
Monoplane;1;1;0.881591;0.189709
Monoplane;1;0.987286;1;0.234834
Monoplane;1;0.934499;1;0.231613
Monoplane;1;1;0.338035;0.0899875
Monoplane;1;1;0.890512;0.237403
Monoplane;1;1;0.584996;0.251637
Monoplane;1;1;0.71496;0.153361
Monoplane;1;1;0.530319;0.220509
Monoplane;1;1;0.902939;0.249818
Monoplane;1;1;0.833565;0.173259
Monoplane;1;0.679325;1;0.179675
Monoplane;1;1;0.949864;0.265916
Monoplane;1;1;0.717737;0.182652
Monoplane;1;1;0.710088;0.259164
Monoplane;1;0.999838;1;0.179533
Monoplane;1;0.582493;1;0.202519
Monoplane;1;0.806861;1;0.183508
Monoplane;1;1;0.504484;0.104027
Monoplane;1;1;0.477075;0.119038
Motorcycle;1;1;0.660286;0.444065
Motorcycle;1;1;0.71919;0.430159
Motorcycle;1;1;0.660912;0.551569
Motorcycle;1;1;0.577575;0.412119
Motorcycle;1;1;0.587092;0.414948
Motorcycle;1;1;0.490671;0.320518
Motorcycle;1;1;0.584482;0.429638
Motorcycle;1;1;0.521253;0.303871
Motorcycle;1;1;0.519199;0.305262
Motorcycle;1;1;0.598425;0.352548
Motorcycle;1;1;0.546703;0.366064
Motorcycle;1;1;0.361855;0.352702
Motorcycle;1;1;0.617765;0.489503
Motorcycle;1;1;0.61777;0.489546
Motorcycle;1;1;0.56179;0.344794
Motorcycle;1;1;0.60058;0.442431
Motorcycle;1;1;0.642418;0.390409
Motorcycle;1;1;0.697856;0.451361
Motorcycle;1;1;0.605421;0.300867
Motorcycle;1;1;0.574664;0.295598
Motorcycle;1;1;0.619827;0.489982
Motorcycle;1;1;0.659845;0.448867
Motorcycle;1;1;0.579526;0.327467
Motorcycle;1;1;0.604813;0.301949
Motorcycle;1;1;0.561381;0.345959
Motorcycle;1;1;0.542622;0.378605
Mug;1;1;0.922109;0.699969
Mug;1;1;0.843216;0.692892
Mug;1;0.973347;1;0.601046
Mug;1;1;0.825349;0.736973
Mug;1;1;0.946925;0.570934
Mug;1;0.838181;1;0.772211
Mug;1;1;0.79074;0.461481
Mug;1;1;0.833549;0.766862
Mug;1;1;0.819215;0.693717
Mug;1;1;0.697558;0.535271
Mug;1;1;0.900661;0.581011
Mug;1;1;0.923328;0.60397
Mug;1;1;0.819522;0.49612
Mug;1;0.998965;0.754683;1
Mug;1;1;0.88376;0.723992
Mug;1;1;0.762308;0.746599
Mug;1;1;0.939039;0.744323
Mug;1;0.958804;1;0.578182
Mug;1;1;0.854079;0.659024
Mug;1;1;0.888555;0.694974
Mug;1;1;0.901025;0.606302
Mug;1;1;0.834596;0.766663
Mug;1;1;0.683011;0.415397
Mug;1;0.752703;1;0.681246
Mug;1;0.925229;1;0.566361
Mug;1;0.995664;1;0.713565
MultiSeat;1;1;0.602469;0.498942
MultiSeat;1;1;0.971237;0.972734
MultiSeat;1;1;0.419864;0.427703
MultiSeat;1;1;0.418677;0.34931
MultiSeat;1;1;0.560618;0.45063
MultiSeat;1;1;0.384863;0.448521
MultiSeat;1;1;0.539535;0.380355
MultiSeat;1;1;0.748029;0.565108
MultiSeat;1;1;0.416099;0.389095
MultiSeat;1;1;0.702244;0.471453
MultiSeat;1;1;0.428377;0.297776
MultiSeat;1;1;0.668268;0.549558
MultiSeat;1;1;0.399857;0.324975
MultiSeat;1;1;0.568168;0.374593
MultiSeat;1;1;0.528018;0.438257
MultiSeat;1;1;0.571514;0.505619
MultiSeat;1;1;0.550254;0.458018
MultiSeat;1;1;0.627633;0.443085
MultiSeat;1;1;0.452801;0.464793
MultiSeat;1;1;0.735314;0.615042
MultiSeat;1;0.926101;1;0.541333
MultiSeat;1;1;0.691905;0.484971
MultiSeat;1;1;0.46293;0.249652
MultiSeat;1;1;0.416896;0.25258
MultiSeat;1;1;0.949233;0.516857
MultiSeat;1;1;0.431464;0.25648
MultiSeat;1;0.98947;1;0.839822
MultiSeat;1;1;0.701278;0.587946
MultiSeat;1;1;0.498187;0.339043
MultiSeat;1;1;0.477326;0.341995
MultiSeat;1;1;0.423025;0.207655
MultiSeat;1;1;0.388894;0.226114
MultiSeat;1;1;0.437367;0.231694
MultiSeat;1;1;0.481618;0.433065
MultiSeat;1;1;0.483045;0.326552
MultiSeat;1;1;0.581079;0.383533
MultiSeat;1;1;0.596137;0.463537
MultiSeat;1;1;0.545796;0.403409
MultiSeat;1;1;0.611943;0.463997
MultiSeat;1;1;0.507361;0.43041
MultiSeat;1;1;0.606489;0.419087
MultiSeat;1;1;0.66413;0.547374
MultiSeat;1;1;0.7741;0.715394
MultiSeat;1;1;0.677007;0.40715
MultiSeat;1;1;0.55559;0.44102
Musical_Instrument;1;1;0.348269;0.0858774
Musical_Instrument;1;1;0.277998;0.0605839
Musical_Instrument;1;1;0.351827;0.0763717
Musical_Instrument;1;1;0.279815;0.0581507
Musical_Instrument;1;1;0.293651;0.03958
Musical_Instrument;1;1;0.391839;0.104893
Musical_Instrument;1;1;0.329877;0.125921
Musical_Instrument;1;1;0.353896;0.0930411
Musical_Instrument;1;1;0.464569;0.0971054
Musical_Instrument;1;1;0.34014;0.0679555
Musical_Instrument;1;1;0.299072;0.0906118
Musical_Instrument;1;1;0.305329;0.0701828
Musical_Instrument;1;1;0.2962;0.102055
Musical_Instrument;1;1;0.35889;0.147388
Musical_Instrument;1;1;0.381038;0.185438
Musical_Instrument;1;1;0.320887;0.10201
Musical_Instrument;1;1;0.782355;0.631019
Musical_Instrument;1;1;0.60934;0.749086
Musical_Instrument;1;1;0.618287;0.644232
Musical_Instrument;1;1;0.675566;0.64858
Musical_Instrument;1;1;0.555114;0.452572
NonWheelChair;1;0.846823;0.811871;1
NonWheelChair;1;1;0.504389;0.513519
NonWheelChair;1;1;0.470807;0.591904
NonWheelChair;1;1;0.488971;0.674876
NonWheelChair;1;1;0.461088;0.49946
NonWheelChair;1;1;0.570784;0.763931
NonWheelChair;1;1;0.492023;0.646275
NonWheelChair;1;1;0.477353;0.634748
NonWheelChair;1;1;0.455831;0.607387
NonWheelChair;1;1;0.405681;0.445591
NonWheelChair;1;1;0.466337;0.574028
NonWheelChair;1;1;0.370619;0.422849
NonWheelChair;1;1;0.483495;0.658463
NonWheelChair;1;1;0.636405;0.999906
NonWheelChair;1;1;0.599285;0.753187
NonWheelChair;1;1;0.486938;0.586191
NonWheelChair;1;1;0.602057;0.720366
NonWheelChair;1;1;0.902355;0.556609
NonWheelChair;1;1;0.445602;0.33418
NonWheelChair;1;1;0.447736;0.619475
NonWheelChair;1;1;0.566345;0.565491
NonWheelChair;1;1;0.799049;0.785084
NonWheelChair;1;1;0.577134;0.576952
NonWheelChair;1;1;0.344363;0.310381
NonWheelChair;1;1;0.512901;0.510476
NonWheelChair;1;1;0.725108;0.603738
NonWheelChair;1;1;0.530318;0.523208
NonWheelChair;1;1;0.73203;0.646626
NonWheelChair;1;1;0.61835;0.683047
NonWheelChair;1;1;0.514862;0.357051
NonWheelChair;1;1;0.622684;0.61558
NonWheelChair;1;1;0.564846;0.648272
NonWheelChair;1;1;0.599575;0.624695
NonWheelChair;1;1;0.5509;0.630195
NonWheelChair;1;1;0.573195;0.579253
NonWheelChair;1;1;0.419417;0.51475
NonWheelChair;1;1;0.653479;0.614307
NonWheelChair;1;1;0.609648;0.67338
NonWheelChair;1;1;0.312694;0.368027
NonWheelChair;1;1;0.373477;0.472293
NonWheelChair;1;1;0.48694;0.598966
NonWheelChair;1;1;0.236601;0.229623
NonWheelChair;1;1;0.366813;0.435253
NonWheelChair;1;1;0.486976;0.672109
NonWheelChair;1;1;0.4191;0.614006
NonWheelChair;1;1;0.388416;0.554457
NonWheelChair;1;1;0.484266;0.656455
NonWheelChair;1;1;0.422587;0.602845
NonWheelChair;1;1;0.374723;0.562474
NonWheelChair;1;1;0.430742;0.649464
NonWheelChair;1;1;0.549642;0.66997
NonWheelChair;1;1;0.437463;0.536686
NonWheelChair;1;1;0.496192;0.61913
NonWheelChair;1;1;0.425182;0.573674
NonWheelChair;1;1;0.456491;0.609121
NonWheelChair;1;1;0.474913;0.669168
NonWheelChair;1;1;0.470124;0.584806
NonWheelChair;1;1;0.477223;0.55694
NonWheelChair;1;1;0.321666;0.421681
NonWheelChair;1;1;0.481945;0.503871
PianoBoard;1;1;0.987135;0.442079
PianoBoard;1;1;0.389635;0.195947
PianoBoard;1;1;0.51563;0.676375
PianoBoard;1;1;0.735138;0.363883
PianoBoard;1;1;0.803166;0.508197
PianoBoard;1;1;0.775613;0.433575
PianoBoard;1;1;0.710891;0.413016
PianoBoard;1;1;0.729603;0.735583
PianoBoard;1;1;0.613735;0.466884
PianoBoard;1;1;0.779364;0.377757
PianoBoard;1;1;0.527923;0.501191
PianoBoard;1;1;0.948003;0.435335
PianoBoard;1;1;0.69924;0.452416
PianoBoard;1;1;0.669709;0.570377
PianoBoard;1;1;0.547656;0.522136
PianoBoard;1;1;0.668985;0.718066
PianoBoard;1;1;0.692456;0.488887
PianoBoard;1;1;0.976864;0.399817
PianoBoard;1;1;0.832368;0.582662
PianoBoard;1;1;0.204641;0.104261
PlantIndoors;1;0.938671;1;0.783705
PlantIndoors;1;1;0.725728;0.600913
PlantIndoors;0;-3.40282e+38;-3.40282e+38;-3.40282e+38
PlantIndoors;1;1;0.935772;0.861841
PlantIndoors;1;1;0.892067;0.740683
PlantIndoors;1;1;0.963788;0.881605
PlantIndoors;1;0.871265;1;0.914173
PlantIndoors;1;1;0.993736;0.896987
PlantIndoors;1;1;0.729526;0.738196
PlantIndoors;1;1;0.991157;0.982261
PlantIndoors;1;1;0.90168;0.801883
PlantIndoors;1;1;0.878902;0.870715
PlantIndoors;1;1;0.778758;0.721
PlantIndoors;1;0.906986;1;0.758064
PlantIndoors;1;1;0.651895;0.5925
PlantIndoors;1;0.914679;0.994117;1
PlantIndoors;1;1;0.583401;0.326399
PlantIndoors;1;1;0.946132;0.947722
PlantIndoors;1;0.764949;1;0.915895
PlantIndoors;1;1;0.917653;0.922744
PlantIndoors;1;0.933671;1;0.789179
PlantIndoors;1;1;0.725942;0.600793
PlantIndoors;1;1;0.994515;0.77379
PlantIndoors;1;1;0.977565;0.971453
PlantIndoors;1;0.763648;1;0.920354
PlantIndoors;1;1;0.484183;0.486965
PlantIndoors;1;1;0.985666;0.608565
PlantIndoors;1;1;0.730236;0.740235
PlantIndoors;1;0.87078;1;0.957364
PlantIndoors;1;1;0.649599;0.62885
PlantIndoors;1;0.720296;1;0.818638
PlantIndoors;1;1;0.876714;0.903886
PlantIndoors;1;1;0.965969;0.652705
PlantIndoors;1;0.998998;1;0.96058
PlantIndoors;1;1;0.778826;0.728611
PlantIndoors;1;1;0.50403;0.511277
PlantIndoors;1;1;0.726626;0.694815
PlantIndoors;1;1;0.654152;0.592861
PlantIndoors;1;0.913874;0.992008;1
PlantIndoors;1;0.860437;1;0.895348
PlantIndoors;1;1;0.91741;0.924231
PlantIndoors;1;1;0.992915;0.894205
PlantIndoors;1;1;0.909148;0.800745
PlantIndoors;1;0.907344;1;0.757915
PlantIndoors;1;1;0.949104;0.949065
PlantIndoors;1;1;0.940566;0.870267
PlantIndoors;1;1;0.651688;0.372616
PlantIndoors;1;1;0.874223;0.896523
PlantIndoors;1;0.947199;1;0.646587
PlantIndoors;1;1;0.85761;0.597566
PlantIndoors;1;1;0.521422;0.413835
PlantIndoors;1;1;0.369141;0.30807
PlantIndoors;1;1;0.936257;0.846706
PlantIndoors;1;1;0.591546;0.349966
PlantIndoors;1;1;0.709124;0.63911
PlantIndoors;1;1;0.859291;0.894596
PlantIndoors;1;1;0.968479;0.796163
PlantIndoors;1;0.928383;1;0.554681
PlantIndoors;1;1;0.216849;0.208501
PlantIndoors;1;1;0.692336;0.66918
PlantIndoors;1;0.950393;1;0.800088
PlantIndoors;1;1;0.702029;0.569764
PlantIndoors;1;0.801495;1;0.951682
PlantIndoors;1;1;0.430465;0.380057
PlantIndoors;1;1;0.811681;0.699796
PlantWildNonTree;1;0.971154;1;0.950899
PlantWildNonTree;1;1;0.867214;0.530192
PlantWildNonTree;1;1;0.93462;0.809766
PlantWildNonTree;1;0.971554;1;0.579869
PlantWildNonTree;1;1;0.635852;0.567954
PlantWildNonTree;1;1;0.886525;0.547959
PlantWildNonTree;1;1;0.884253;0.460054
PlantWildNonTree;1;1;0.497023;0.182873
PlantWildNonTree;1;1;0.66541;0.655581
PlantWildNonTree;1;1;0.602014;0.527502
PlantWildNonTree;1;1;0.564945;0.544444
PlantWildNonTree;1;1;0.71612;0.599849
PlantWildNonTree;1;1;0.344388;0.186858
PlantWildNonTree;1;1;0.628817;0.170523
PlantWildNonTree;1;1;0.681;0.734085
PlantWildNonTree;1;1;0.586934;0.634853
PlantWildNonTree;1;1;0.463733;0.461908
PlantWildNonTree;1;1;0.439941;0.430232
PlantWildNonTree;1;1;0.42783;0.393827
PlantWildNonTree;1;1;0.404839;0.260623
PlantWildNonTree;1;1;0.293715;0.311553
PlantWildNonTree;1;0.838453;0.989069;1
PlantWildNonTree;1;1;0.51449;0.406202
PlantWildNonTree;1;1;0.681355;0.216893
PlantWildNonTree;1;1;0.63318;0.483678
PlantWildNonTree;1;1;0.513743;0.397253
PlantWildNonTree;1;1;0.224154;0.208295
Quadruped;1;1;0.558548;0.338227
Quadruped;1;1;0.731992;0.401913
Quadruped;1;1;0.567446;0.351143
Quadruped;1;1;0.634713;0.307962
Quadruped;1;1;0.632314;0.308003
Quadruped;1;1;0.756381;0.221204
Quadruped;1;1;0.716451;0.249385
Quadruped;1;1;0.69228;0.297628
Quadruped;1;1;0.618929;0.221091
Quadruped;1;1;0.470638;0.232871
Quadruped;1;1;0.459506;0.190823
Quadruped;1;1;0.74751;0.282009
Quadruped;1;1;0.652749;0.235901
Quadruped;1;1;0.805736;0.377488
Quadruped;1;1;0.76017;0.249266
Quadruped;1;1;0.579117;0.310052
Quadruped;1;1;0.789519;0.295851
Quadruped;1;1;0.677666;0.227238
Quadruped;1;1;0.684531;0.442489
Quadruped;1;1;0.708771;0.276766
Quadruped;1;1;0.497147;0.440646
Quadruped;1;1;0.691778;0.378834
Quadruped;1;1;0.492185;0.404277
Quadruped;1;1;0.625175;0.204151
Quadruped;1;1;0.634333;0.222894
Quadruped;1;1;0.73953;0.208065
Quadruped;1;1;0.735386;0.187556
Quadruped;1;1;0.754851;0.221785
Quadruped;1;1;0.696629;0.215024
Quadruped;1;1;0.886249;0.458103
Quadruped;1;1;0.762088;0.469397
Quadruped;1;1;0.610438;0.374671
Quadruped;1;1;0.733063;0.549386
Quadruped;1;1;0.300116;0.199637
Quadruped;1;1;0.549544;0.239926
Quadruped;1;1;0.326528;0.191563
Quadruped;1;1;0.301008;0.117842
Quadruped;1;1;0.757325;0.245494
Quadruped;1;0.981818;1;0.173426
Quadruped;1;1;0.964298;0.232303
Quadruped;1;1;0.762253;0.195925
Quadruped;1;1;0.79092;0.233532
Quadruped;1;0.962817;1;0.436119
Quadruped;1;1;0.784833;0.165795
Quadruped;1;1;0.899306;0.292934
Quadruped;1;1;0.73431;0.241011
Quadruped;1;1;0.697266;0.298207
Quadruped;1;1;0.691046;0.484588
Quadruped;1;1;0.790076;0.295208
Quadruped;1;1;0.707819;0.274663
Quadruped;1;1;0.624689;0.244383
Quadruped;1;1;0.523661;0.210195
Quadruped;1;1;0.449356;0.233914
Quadruped;1;1;0.584358;0.247197
Quadruped;1;1;0.574354;0.252709
Quadruped;1;1;0.585516;0.253742
Quadruped;1;1;0.541782;0.323759
RectangleTable;1;1;0.587887;0.443103
RectangleTable;1;1;0.84826;0.484794
RectangleTable;1;1;0.46775;0.345689
RectangleTable;1;0.995802;1;0.702698
RectangleTable;1;1;0.430637;0.588437
RectangleTable;1;1;0.858391;0.939102
RectangleTable;1;1;0.507057;0.498636
RectangleTable;1;0.959992;1;0.305361
RectangleTable;1;0.999999;1;0.414619
RectangleTable;1;1;0.386544;0.275546
RectangleTable;1;1;0.564331;0.262822
RectangleTable;1;1;0.976438;0.229242
RectangleTable;1;1;0.999472;0.696965
RectangleTable;1;0.899767;0.775033;1
RectangleTable;1;1;0.5147;0.479731
RectangleTable;1;0.999127;1;0.83748
RectangleTable;1;1;0.498051;0.374231
RectangleTable;1;1;1;0.410908
RectangleTable;1;1;0.993737;0.79218
RectangleTable;1;0.764891;1;0.873394
RectangleTable;1;0.998239;1;0.602769
RectangleTable;1;0.67276;1;0.687979
RectangleTable;1;1;0.758296;0.679417
RectangleTable;1;1;0.560416;0.444201
RectangleTable;1;1;0.86676;0.515785
RectangleTable;1;1;0.471462;0.363721
RectangleTable;1;1;0.629653;0.730276
RectangleTable;1;1;0.418034;0.349887
RectangleTable;1;1;0.373425;0.278642
RectangleTable;1;0.994931;1;0.641319
RectangleTable;1;1;0.999879;0.32818
RectangleTable;1;0.941201;0.991213;1
RectangleTable;1;1;0.497142;0.377237
RectangleTable;1;1;0.700686;0.328953
RectangleTable;1;1;0.836587;0.530365
RectangleTable;1;1;0.999981;0.746143
RectangleTable;1;1;0.741031;0.464427
RectangleTable;1;1;0.745473;0.331919
RectangleTable;1;1;0.505549;0.535916
RectangleTable;1;1;0.619475;0.573357
RectangleTable;1;1;0.572599;0.661685
RectangleTable;1;1;0.57819;0.378506
RectangleTable;1;1;0.555497;0.324532
RectangleTable;1;1;0.956604;0.569426
RectangleTable;1;0.998961;1;0.407761
RectangleTable;1;1;0.624826;0.326309
RectangleTable;1;0.860201;0.869125;1
RectangleTable;1;1;0.59376;0.222132
RectangleTable;1;1;0.485992;0.400679
RectangleTable;1;1;0.836893;0.930292
RectangleTable;1;1;0.66244;0.43035
RectangleTable;1;1;0.399913;0.376441
RectangleTable;1;0.940606;1;0.685509
RectangleTable;1;1;0.620121;0.318411
RectangleTable;1;1;0.534911;0.521202
RectangleTable;1;1;0.485992;0.400679
RectangleTable;1;1;0.974681;0.443222
RectangleTable;1;1;0.508637;0.467047
RectangleTable;1;1;0.93862;0.68971
RectangleTable;1;1;0.374636;0.282064
RectangleTable;1;1;0.67563;0.480923
RectangleTable;1;1;0.641355;0.428906
RectangleTable;1;0.948811;0.93866;1
RectangleTable;1;1;0.960745;0.542652
Rocket;1;1;0.245607;0.245608
Rocket;1;1;0.176572;0.176573
Rocket;1;1;0.219682;0.220431
Rocket;1;1;0.377326;0.33051
Rocket;1;1;0.190023;0.108416
Rocket;1;1;0.168431;0.177402
Rocket;1;1;0.326205;0.326203
Rocket;1;1;0.188601;0.14366
Rocket;1;1;0.156839;0.156811
Rocket;1;1;0.266352;0.266352
Rocket;1;1;0.251499;0.251587
Rocket;1;1;0.202096;0.192184
Rocket;1;1;0.344974;0.342726
Rocket;1;1;0.170302;0.16838
Rocket;1;1;0.201823;0.201823
Rocket;1;1;0.148414;0.147468
Rocket;1;1;0.176379;0.176378
Rocket;1;1;0.168431;0.177402
Rocket;1;1;0.219094;0.219094
Rocket;1;1;0.254015;0.250189
RoundTable;1;0.866406;0.99999;1
RoundTable;1;0.737607;1;0.999761
RoundTable;1;0.841409;1;0.999097
RoundTable;1;0.604313;1;0.992947
RoundTable;1;0.994068;1;0.508466
RoundTable;1;1;0.782256;0.984435
RoundTable;1;1;0.99997;0.331823
RoundTable;1;1;0.763996;0.415846
RoundTable;1;1;0.999747;0.441316
RoundTable;1;1;0.711277;0.711367
RoundTable;1;1;0.999321;0.817403
RoundTable;1;1;0.997151;0.522789
RoundTable;1;0.999995;1;0.470527
RoundTable;1;1;1;0.538924
RoundTable;1;0.998599;1;0.687906
RoundTable;1;1;0.621176;0.621191
RoundTable;1;0.697512;1;0.999809
RoundTable;1;1;0.964419;0.993763
RoundTable;1;0.941737;1;1
RoundTable;1;1;0.815026;0.815025
RoundTable;1;1;0.999997;0.468629
RoundTable;1;1;0.999937;0.560758
RoundTable;1;1;0.99978;0.497418
RoundTable;1;1;0.999948;0.33099
RoundTable;1;1;0.992281;0.625896
RoundTable;1;0.821186;0.999576;1
RoundTable;1;0.999737;1;0.331855
RoundTable;1;0.914739;1;0.994849
RoundTable;1;0.634924;0.999816;1
RoundTable;1;1;0.639634;0.63964
RoundTable;1;1;0.835083;0.837152
RoundTable;1;1;0.931372;0.842976
RoundTable;1;1;0.997972;0.734306
RoundTable;1;1;0.835649;0.889748
RoundTable;1;1;0.893875;0.886606
RoundTable;1;0.817029;1;0.999367
RoundTable;1;1;0.869397;0.868295
Shelf;1;1;0.689636;0.248182
Shelf;1;1;0.761165;0.248404
Shelf;1;0.89402;1;0.328073
Shelf;1;1;0.506583;0.281154
Shelf;1;1;0.888137;0.313938
Shelf;1;0.961073;1;0.386884
Shelf;1;0.978629;1;0.220174
Shelf;1;1;0.701635;0.216342
Shelf;1;1;0.953587;0.455384
Shelf;1;1;0.915298;0.247842
Shelf;1;1;0.807367;0.162176
Shelf;1;1;0.542961;0.147735
Shelf;1;1;0.843064;0.511066
Shelf;1;1;0.872212;0.183768
Shelf;1;1;0.825282;0.61265
Shelf;1;1;0.82875;0.3264
Shelf;1;1;0.803852;0.175413
Shelf;1;1;0.525141;0.128947
Shelf;1;1;0.472732;0.302028
Shelf;1;1;0.681935;0.213038
Shelf;1;1;0.918805;0.160428
Shelf;1;1;0.812046;0.245264
Shelf;1;1;0.671576;0.236642
Shelf;1;1;0.682157;0.217641
Shelf;1;1;0.677922;0.151873
Shelf;1;1;0.826252;0.177709
Shelf;1;1;0.745024;0.25481
Shelf;1;1;0.711123;0.246922
Shelf;1;1;0.770294;0.185289
Shelf;1;0.999738;1;0.13768
Shelf;1;1;0.910566;0.532175
Shelf;1;1;0.808872;0.37841
Shelf;1;1;0.677196;0.31077
Shelf;1;1;0.499968;0.109535
Shelf;1;1;0.686854;0.313584
Shelf;1;1;0.807534;0.319852
Shelf;1;1;0.978385;0.12597
Shelf;1;1;0.872105;0.472127
Shelf;1;1;0.612725;0.196728
Shelf;1;1;0.510568;0.164936
Shelf;1;1;0.73878;0.257719
Shelf;1;0.982085;1;0.301892
Shelf;1;1;0.406545;0.191374
Ship;1;1;0.324298;0.336491
Ship;1;1;0.231043;0.308066
Ship;1;1;0.382021;0.152992
Ship;1;1;0.300973;0.252717
Ship;1;1;0.227217;0.142083
Ship;1;1;0.374701;0.13221
Ship;1;1;0.205324;0.365618
Ship;1;1;0.320737;0.381891
Ship;1;1;0.217038;0.0988515
Ship;1;1;0.135889;0.209079
Ship;1;1;0.457294;0.227531
Ship;1;1;0.195072;0.13363
Ship;1;1;0.344455;0.0977701
Ship;1;1;0.206051;0.363424
Ship;1;1;0.372587;0.186403
Ship;1;1;0.22733;0.142186
Ship;1;1;0.436978;0.276134
Ship;1;1;0.42491;0.354092
Ship;1;1;0.166971;0.0795547
Ship;1;1;0.416429;0.224493
Ship;1;1;0.148611;0.218957
Ship;1;1;0.232613;0.116141
Ship;1;1;0.296075;0.113127
Ship;1;1;0.358594;0.122889
Ship;1;1;0.33293;0.154433
Ship;1;1;0.249932;0.0945339
Ship;1;1;0.300526;0.15393
Ship;1;1;0.421909;0.258176
Ship;1;1;0.210956;0.404763
Ship;1;1;0.19593;0.134822
Ship;1;1;0.270873;0.103545
Ship;1;1;0.204799;0.202506
Ship;1;1;0.239514;0.103496
Ship;1;1;0.275226;0.166246
Ship;1;1;0.401137;0.228965
Ship;1;1;0.295501;0.149313
Ship;1;1;0.458439;0.217368
Ship;1;1;0.227308;0.142117
Ship;1;1;0.162825;0.102045
Ship;1;1;0.92873;0.197827
Ship;1;1;0.847146;0.207874
Ship;1;1;0.820746;0.235178
Ship;1;1;0.67637;0.162181
Ship;1;1;0.570962;0.136007
Ship;1;1;0.699987;0.43454
Ship;1;1;0.839011;0.637732
Ship;1;1;0.68971;0.316145
Ship;1;0.872596;1;0.25588
Ship;1;1;0.601862;0.373151
Ship;1;1;0.860548;0.530135
Ship;1;1;0.44552;0.69911
Ship;1;1;0.518528;0.687374
Ship;1;1;0.522953;0.725508
Ship;1;1;0.554594;0.545119
Ship;1;1;0.145038;0.102888
Ship;1;1;0.351778;0.137835
Ship;1;1;0.211048;0.100066
Ship;1;1;0.208002;0.152843
Ship;1;1;0.275484;0.130838
Ship;1;1;0.16237;0.207261
Ship;1;1;0.25126;0.11031
Ship;1;1;0.141203;0.0986885
Ship;1;1;0.456935;0.349575
Sign;1;1;0.306488;0.0458922
Sign;1;1;0.32696;0.0517355
Sign;1;1;0.48536;0.109757
Sign;1;1;0.236154;0.0504387
Sign;1;1;0.592805;0.0585964
Sign;1;1;0.323001;0.0229252
Sign;1;1;0.218094;0.0539117
Sign;1;1;0.197086;0.0222731
Sign;1;1;0.135595;0.0619908
Sign;1;1;0.433153;0.0286189
Sign;1;1;0.410589;0.043681
Sign;1;1;0.915738;0.224027
Sign;1;1;0.980261;0.412538
Sign;1;0.929333;1;0.0841932
Sign;1;0.777107;1;0.382155
Skyscraper;1;1;0.584238;0.492918
Skyscraper;1;1;0.511397;0.457397
Skyscraper;1;1;0.236392;0.236392
Skyscraper;1;1;0.292372;0.211435
Skyscraper;1;1;0.292274;0.210151
Skyscraper;1;1;0.467966;0.362508
Skyscraper;1;1;0.232928;0.203624
Skyscraper;0;-3.40282e+38;-3.40282e+38;-3.40282e+38
Skyscraper;1;1;0.197571;0.198072
Skyscraper;0;-3.40282e+38;-3.40282e+38;-3.40282e+38
Skyscraper;1;1;0.317566;0.220157
Skyscraper;1;1;0.866201;0.252512
Skyscraper;1;1;0.244846;0.244815
Skyscraper;1;1;0.259717;0.210852
Skyscraper;1;1;0.348781;0.295295
Skyscraper;1;0.711118;1;0.640168
Skyscraper;1;1;0.197033;0.201106
Skyscraper;1;1;0.63859;0.182029
Skyscraper;1;1;0.266625;0.265336
Skyscraper;1;1;0.19425;0.194026
Spoon;1;1;0.199881;0.0696669
Spoon;1;1;0.194262;0.0821887
Spoon;1;1;0.20587;0.0811483
Spoon;1;1;0.255556;0.0568587
Spoon;1;1;0.160329;0.0685799
Spoon;1;1;0.219021;0.225392
Spoon;1;1;0.336596;0.0588906
Spoon;1;1;0.157723;0.0475754
Spoon;1;1;0.19079;0.0739636
Spoon;1;1;0.252528;0.13583
Spoon;1;1;0.153636;0.0474394
Spoon;1;1;0.185334;0.0321348
Spoon;1;1;0.22792;0.0842294
Spoon;1;1;0.54826;0.299425
Spoon;1;1;0.441974;0.144973
Spoon;1;1;0.284256;0.200183
Spoon;1;1;0.322753;0.0770025
Spoon;1;1;0.175556;0.0562802
Spoon;1;1;0.210979;0.072061
Spoon;1;1;0.218574;0.0604032
Starship;1;1;0.472676;0.254414
Starship;1;1;0.505394;0.317262
Starship;1;1;0.438056;0.256572
Starship;1;1;0.770278;0.133642
Starship;1;1;0.420133;0.153274
Starship;1;1;0.447289;0.215644
Starship;1;1;0.471648;0.349952
Starship;1;1;0.486672;0.250499
Starship;1;1;0.856364;0.162463
Starship;1;1;0.730056;0.172686
Starship;1;1;0.43946;0.273674
Starship;1;1;0.723931;0.163559
Starship;1;1;0.467446;0.249462
Starship;1;1;0.353271;0.120094
Starship;1;1;0.405037;0.213822
Starship;1;1;0.423087;0.245559
Starship;1;1;0.435834;0.300188
Starship;1;1;0.75252;0.147938
Starship;1;1;0.465981;0.291778
Starship;1;1;0.376258;0.142537
Starship;1;1;0.82266;0.421141
Starship;1;1;0.22511;0.151396
Starship;1;1;1;0.132665
Starship;1;1;0.991228;0.0967971
Starship;1;0.999932;1;0.380533
Starship;1;1;0.999471;0.749788
Starship;1;0.999972;1;0.273798
Starship;1;1;1;0.228381
Starship;1;0.976466;1;0.183654
Starship;1;1;0.999941;0.30488
Starship;1;1;0.942672;0.35531
SubmachineGun;1;1;0.456896;0.119463
SubmachineGun;1;1;0.246936;0.0405808
SubmachineGun;1;1;0.366464;0.10724
SubmachineGun;1;1;0.399995;0.219668
SubmachineGun;1;1;0.335419;0.0515769
SubmachineGun;1;1;0.232072;0.16618
SubmachineGun;1;1;0.391175;0.0596585
SubmachineGun;1;1;0.589271;0.109767
SubmachineGun;1;1;0.281987;0.177086
SubmachineGun;1;1;0.209831;0.0433225
SubmachineGun;1;1;0.397202;0.0763324
SubmachineGun;1;1;0.26288;0.0790551
SubmachineGun;1;1;0.80687;0.0993326
SubmachineGun;1;1;0.257916;0.034013
SubmachineGun;1;1;0.384402;0.0607628
SubmachineGun;1;1;0.482984;0.125707
SubmachineGun;1;1;0.288622;0.0674158
SubmachineGun;1;1;0.281771;0.0552256
SubmachineGun;1;1;0.389534;0.0531126
SubmachineGun;1;1;0.216371;0.046871
Sword;1;1;0.206271;0.0559504
Sword;1;1;0.358788;0.0528962
Sword;1;1;0.265571;0.116716
Sword;1;1;0.180152;0.041881
Sword;1;1;0.194117;0.0353485
Sword;1;1;0.340614;0.0669603
Sword;1;1;0.171581;0.100233
Sword;1;1;0.0934199;0.0498885
Sword;1;1;0.140579;0.140596
Sword;1;1;0.215581;0.0541384
Sword;1;1;0.264575;0.0856744
Sword;1;1;0.178348;0.0428586
Sword;1;1;0.424905;0.107225
Sword;1;1;0.17421;0.0714625
Sword;1;1;0.0358314;0.0939966
Sword;1;1;0.152281;0.152292
Sword;1;1;0.158155;0.0697245
Sword;1;1;0.223009;0.0713174
Sword;1;1;0.0782154;0.0317574
Sword;1;1;0.20321;0.0394955
Sword;1;1;0.189837;0.0790019
Sword;1;1;0.100675;0.102945
Sword;1;1;0.549375;0.541475
Sword;1;1;0.173357;0.16691
Sword;1;1;0.222412;0.0956652
Sword;1;1;0.158167;0.0697296
Sword;1;1;0.0915959;0.0827046
Sword;1;0.317169;1;0.11459
Sword;1;1;0.255476;0.0750795
Sword;1;1;0.2866;0.120398
Sword;1;1;0.184442;0.0361842
Sword;1;1;0.263247;0.0857042
Sword;1;1;0.175894;0.175373
Sword;1;1;0.158166;0.0654741
Sword;1;1;0.297599;0.0193771
Sword;1;1;0.100523;0.100523
Sword;1;1;0.100739;0.0268203
Sword;1;1;0.0645582;0.031715
Sword;1;1;0.461854;0.0729112
Sword;1;1;0.2577;0.0426955
Sword;1;1;0.215581;0.0541379
Sword;1;1;0.206344;0.0557678
Sword;1;1;0.214754;0.0352906
Sword;1;1;0.193693;0.0331588
Sword;1;1;0.119126;0.0829525
Sword;1;1;0.184442;0.0361842
Sword;1;1;0.2866;0.120398
Sword;1;1;0.195603;0.0744185
Sword;1;1;0.141159;0.0294839
Sword;1;1;0.183776;0.0405832
Sword;1;1;0.222139;0.104233
Sword;1;1;0.132309;0.0621538
Sword;1;1;0.164405;0.0783836
Tool;1;1;0.260788;0.0818486
Tool;1;1;0.370299;0.0914209
Tool;1;1;0.744481;0.0995553
Tool;1;1;0.677095;0.0946246
Tool;1;1;0.790861;0.10276
Tool;1;1;0.619494;0.0986752
Tool;1;1;0.312954;0.0866293
Tool;1;1;0.654012;0.0903153
Tool;1;1;0.569731;0.0882212
Tool;1;1;0.895509;0.0902041
Tool;1;1;0.566779;0.0975746
Tool;1;1;0.684964;0.100104
Tool;1;1;0.874822;0.10062
Tool;1;1;0.415605;0.0927076
Tool;1;1;0.907476;0.0915315
Tool;1;1;0.824855;0.0993241
Tool;1;1;0.755336;0.103951
Tool;1;1;0.547176;0.0976427
Tool;1;1;0.824098;0.0934879
Tool;1;1;0.450124;0.088604
Tool;1;1;0.374907;0.0620078
Tool;1;1;0.212424;0.162157
Tool;1;1;0.203912;0.0301111
Tool;1;1;0.185878;0.0264887
Tool;1;1;0.18142;0.0516623
Tool;1;1;0.263099;0.0461786
Tool;1;1;0.26122;0.0759057
Tool;1;1;0.273053;0.0584183
Tool;1;1;0.285807;0.0796036
Tool;1;1;0.284069;0.0704314
Tool;1;1;0.565086;0.134431
Tool;1;1;0.385795;0.121317
Tool;1;1;0.448726;0.133689
Tool;1;1;0.428298;0.0896979
Tool;1;1;0.108182;0.104533
Tool;1;1;0.0954244;0.0954244
Tool;1;1;0.111089;0.110629
Tool;1;1;0.0884755;0.0931824
Tool;1;1;0.259245;0.0923493
Tool;1;1;0.639768;0.660476
Tool;1;1;0.758547;0.663839
Tool;1;1;0.644344;0.43717
Tool;1;1;0.389149;0.312139
Tool;1;1;0.474638;0.280494
Train;1;1;0.474914;0.355728
Train;1;1;0.127368;0.0791323
Train;1;1;0.138211;0.0733063
Train;1;1;0.688521;0.667195
Train;1;1;0.199081;0.228391
Train;1;1;0.345609;0.23891
Train;1;1;0.326014;0.199108
Train;1;1;0.238865;0.165598
Train;1;1;0.279976;0.222009
Train;1;1;0.3611;0.186925
Train;1;1;0.578439;0.465852
Train;1;1;0.196817;0.262811
Train;1;1;0.191326;0.12964
Train;1;1;0.364596;0.188516
Train;1;1;0.241625;0.130746
Train;1;1;0.0610317;0.0615688
Train;1;1;0.149804;0.151141
Train;1;1;0.0727326;0.0976225
Train;1;1;0.242583;0.360631
Train;1;1;0.22518;0.12926
Train;1;1;0.41103;0.183207
Train;1;1;0.429592;0.392732
Train;1;1;0.272351;0.156103
Train;1;1;0.305558;0.179269
Train;1;1;0.641142;0.321329
Train;1;1;0.515936;0.34548
Train;1;1;0.409071;0.44542
Train;1;1;0.307061;0.401352
Train;1;1;0.489226;0.330849
Train;1;1;0.44139;0.265445
Tree;0;-3.40282e+38;-3.40282e+38;-3.40282e+38
Tree;0;-3.40282e+38;-3.40282e+38;-3.40282e+38
Tree;0;-3.40282e+38;-3.40282e+38;-3.40282e+38
Tree;1;1;0.0115614;2.22079e-07
Tree;1;1;0.675804;0.679343
Tree;0;-3.40282e+38;-3.40282e+38;-3.40282e+38
Tree;1;1;0.88873;0.949889
Tree;0;-3.40282e+38;-3.40282e+38;-3.40282e+38
Tree;1;1;0.254496;0.251809
Tree;0;-3.40282e+38;-3.40282e+38;-3.40282e+38
Tree;0;-3.40282e+38;-3.40282e+38;-3.40282e+38
Tree;0;-3.40282e+38;-3.40282e+38;-3.40282e+38
Tree;0;-3.40282e+38;-3.40282e+38;-3.40282e+38
Tree;0;-3.40282e+38;-3.40282e+38;-3.40282e+38
Tree;0;-3.40282e+38;-3.40282e+38;-3.40282e+38
Tree;0;-3.40282e+38;-3.40282e+38;-3.40282e+38
Tree;1;1;0.809731;0.496384
Tree;0;-3.40282e+38;-3.40282e+38;-3.40282e+38
Tree;0;-3.40282e+38;-3.40282e+38;-3.40282e+38
Tree;0;-3.40282e+38;-3.40282e+38;-3.40282e+38
Tree;1;1;0.544086;0.589433
Tree;1;1;0.736702;0.371987
Tree;1;1;0.906292;0.656775
Tree;1;1;0.700033;0.606278
Tree;1;0.707173;1;0.521202
Tree;1;1;0.518598;0.367058
Tree;1;1;0.690856;0.527532
Tree;1;1;0.83351;0.863013
Tree;1;1;0.93042;0.957981
Tree;1;1;0.408533;0.301521
Tree;1;1;0.658444;0.656272
Tree;1;1;0.52581;0.494987
Tree;1;1;0.483582;0.282992
Tree;1;1;0.765078;0.760061
Tree;1;1;0.368885;0.243389
Tree;1;1;0.192861;0.194
Tree;1;1;0.330808;0.335372
Tree;1;1;0.317632;0.309906
Tree;1;1;0.564699;0.503956
Tree;1;1;0.681535;0.404212
Tree;1;1;0.649489;0.607065
Tree;1;0.747737;1;0.817307
Tree;1;1;0.664779;0.612439
Tree;1;1;0.955034;0.981082
Tree;1;1;0.609923;0.609345
Tree;1;1;0.40211;0.00423626
Tree;1;0.961984;1;0.881503
Truck;1;1;0.398518;0.345947
Truck;1;1;0.511947;0.473641
Truck;1;1;0.996259;0.45562
Truck;1;1;0.316814;0.222813
Truck;1;1;0.350446;0.228327
Truck;1;1;0.334981;0.249551
Truck;1;1;0.397201;0.250779
Truck;1;1;0.373482;0.446386
Truck;1;1;0.183769;0.242329
Truck;1;1;0.452648;0.476553
Truck;1;1;0.313417;0.162181
Truck;1;1;0.162163;0.223396
Truck;1;1;0.390785;0.517929
Truck;1;1;0.145275;0.237141
Truck;1;1;0.226786;0.355669
Truck;1;1;0.316432;0.429347
Truck;1;1;0.335065;0.33442
Truck;1;1;0.227583;0.604902
Truck;1;1;0.355745;0.423415
Truck;1;1;0.280734;0.382683
Truck;1;1;0.3744;0.256364
Truck;1;1;0.313933;0.426622
Truck;1;1;0.179551;0.29174
Truck;1;1;0.284227;0.444676
Truck;1;1;0.436784;0.532651
Truck;1;1;0.143324;0.271239
Truck;1;1;0.314517;0.388129
TruckNonContainer;1;1;0.558571;0.755593
TruckNonContainer;1;1;0.447956;0.76577
TruckNonContainer;1;1;0.350964;0.157951
TruckNonContainer;1;1;0.364392;0.378412
TruckNonContainer;1;1;0.404069;0.515867
TruckNonContainer;1;1;0.408733;0.420335
TruckNonContainer;1;1;0.450207;0.540832
TruckNonContainer;1;1;0.577702;0.382814
TruckNonContainer;1;1;0.744341;0.643436
TruckNonContainer;1;1;0.620068;0.529986
TruckNonContainer;1;1;0.38399;0.483972
TruckNonContainer;1;1;0.298127;0.285013
TruckNonContainer;1;1;0.408854;0.458198
TruckNonContainer;1;1;0.282347;0.498369
TruckNonContainer;1;1;0.416505;0.428331
TruckNonContainer;1;1;0.338309;0.409228
TruckNonContainer;1;1;0.501356;0.520621
TruckNonContainer;1;1;0.374659;0.38552
TruckNonContainer;1;1;0.53085;0.535137
TruckNonContainer;1;1;0.356645;0.499208
Vase;1;1;0.951235;0.951281
Vase;1;1;0.39808;0.34665
Vase;1;0.996288;1;0.698629
Vase;1;1;0.492817;0.492778
Vase;1;1;0.405763;0.405763
Vase;1;1;0.509902;0.450099
Vase;1;1;0.634739;0.634643
Vase;1;1;0.604234;0.605103
Vase;1;1;0.499733;0.499743
Vase;1;1;0.520839;0.520997
Vase;1;1;0.986041;0.547312
Vase;1;1;0.766733;0.762009
Vase;1;0.891214;1;0.960182
Vase;1;1;0.897521;0.896743
Vase;1;1;0.986108;0.654917
Vase;1;1;0.894474;0.894768
Vase;1;1;0.670419;0.670413
Vase;1;0.999999;1;0.411651
Vase;1;1;0.670321;0.670328
Vase;1;1;0.999985;0.760174
Violin;1;1;0.844648;0.110951
Violin;1;1;0.351164;0.141729
Violin;1;1;0.339729;0.134533
Violin;1;1;0.312298;0.169408
Violin;1;1;0.357233;0.108871
Violin;1;1;0.336511;0.148311
Violin;1;1;0.339728;0.113833
Violin;1;1;0.298496;0.0986175
Violin;1;1;0.316617;0.128275
Violin;1;1;0.354232;0.099268
Violin;1;1;0.274253;0.108073
Violin;1;1;0.278503;0.142309
Violin;1;1;0.383598;0.0773597
Violin;1;1;0.314998;0.125635
Violin;1;0.498581;1;0.0352848
Violin;1;1;0.310099;0.144385
Violin;1;1;0.25701;0.12478
Violin;1;1;0.629699;0.0832304
Violin;1;1;0.351888;0.15252
Violin;1;1;0.303929;0.175114
Wheel;1;0.997314;1;0.442063
Wheel;1;1;0.999972;0.194266
Wheel;1;1;0.99993;0.087569
Wheel;1;1;0.999997;0.216831
Wheel;1;0.997879;1;0.54412
Wheel;1;1;0.999996;0.506821
Wheel;1;1;1;0.399365
Wheel;1;1;0.999641;0.479051
Wheel;1;1;0.887044;0.908917
Wheel;1;1;1;0.183197
Wheel;1;0.999812;1;0.091605
Wheel;1;0.999227;1;0.418104
Wheel;1;0.995947;1;0.534649
Wheel;1;1;0.999249;0.98227
Wheel;1;0.999833;1;0.137983
Wheel;1;0.999997;1;0.376438
Wheel;1;0.992359;1;0.108811
WheelChair;1;1;0.503961;0.436019
WheelChair;1;1;0.515736;0.609906
WheelChair;1;1;0.54568;0.620074
WheelChair;1;1;0.524403;0.569879
WheelChair;1;1;0.565551;0.648839
WheelChair;1;1;0.535774;0.523841
WheelChair;1;1;0.541538;0.55566
WheelChair;1;1;0.586279;0.536571
WheelChair;1;1;0.532125;0.577904
WheelChair;1;1;0.569224;0.617033
WheelChair;1;1;0.586293;0.63703
WheelChair;1;1;0.50085;0.552616
WheelChair;1;1;0.62263;0.682278
WheelChair;1;1;0.488172;0.543453
WheelChair;1;1;0.626056;0.641351
WheelChair;1;1;0.427057;0.51097
WheelChair;1;1;0.516025;0.493176
WheelChair;1;1;0.529663;0.623164
WheelChair;1;1;0.421517;0.515534
WheelChair;1;1;0.584323;0.626049
